model,data_path,custom_params,mse,mae,acc,smape,f_score,crps,mre,naps,setting,seed,task_name,is_training,model_id,data,features,target,freq,lag,scaler,reindex,reindex_tolerance,pin_memory,seq_len,label_len,pred_len,seasonal_patterns,inverse,mask_rate,anomaly_ratio,expand,d_conv,top_k,num_kernels,enc_in,dec_in,c_out,d_model,n_heads,e_layers,d_layers,d_ff,moving_avg,series_decomp_mode,factor,distil,dropout,embed,activation,output_attention,channel_independence,decomp_method,use_norm,down_sampling_layers,down_sampling_window,down_sampling_method,seg_len,num_workers,train_epochs,stop_epochs,batch_size,patience,learning_rate,des,loss,lradj,use_amp,use_gpu,gpu,use_multi_gpu,devices,p_hidden_dims,p_hidden_layers,use_dtw,augmentation_ratio,jitter,scaling,permutation,randompermutation,magwarp,timewarp,windowslice,windowwarp,rotation,spawner,dtwwarp,shapedtwwarp,wdba,discdtw,discsdtw,extra_tag,lstm_hidden_size,lstm_layers,num_spline,sample_times,run_time
LSTM-AQ,electricity/electricity.csv,AA_attn_dhz_ap1_norm,0.0012410284,0.026835237,,,,0.0210805386304855,0.1295159459114074,0.0849586725234985,probability_forecast_OT_96_16_LSTM-AQ_custom_ftMS_sl96_ll0_pl16_dm24_nh1_el1_dl1_dmavg_ma25_df2048_expand2_dc4_fc1_ebtimeF_dtTrue_deExp_2024-04-23 10-33-28,2021,probability_forecast,1,OT_96_16,custom,MS,OT,t,3,MinMaxScaler,0,0.8,,96,0,16,Monthly,False,0.25,0.25,2,4,5,6,321,321,321,24,1,1,1,2048,25,avg,1,True,0.0,timeF,gelu,False,0,moving_avg,1,0,1,,48,16,50,35.0,256,3,0.001,Exp,auto,type1,False,True,0,False,"0,1,2,3","[128, 128]",2,False,0,False,False,False,False,False,False,False,False,False,False,False,False,False,False,False,,40,3,20,99,2024-04-23 10-33-28
LSTM-AQ,exchange_rate/exchange_rate.csv,AA_attn_dhz_ap1_norm,0.0120065585,0.10075514,,,,0.03621022403240204,0.3039499521255493,0.20391902327537537,probability_forecast_OT_96_16_LSTM-AQ_custom_ftMS_sl96_ll0_pl16_dm64_nh2_el1_dl1_dmavg_ma25_df2048_expand2_dc4_fc1_ebtimeF_dtTrue_deExp_2024-04-28 05-04-11,2021,probability_forecast,1,OT_96_16,custom,MS,OT,t,3,MinMaxScaler,0,0.9,True,96,0,16,Monthly,False,0.25,0.25,2,4,5,6,8,8,8,64,2,1,1,2048,25,avg,1,True,0,timeF,gelu,False,0,moving_avg,1,0,1,,48,16,50,38,256,3,0.001,Exp,auto,type1,False,True,0,False,"0,1,2,3","[128, 128]",2,False,0,False,False,False,False,False,False,False,False,False,False,False,False,False,False,False,,40,1,20,99,2024-04-28 05-04-11
LSTM-AQ,electricity/electricity.csv,AA_attn_dhz_ap1_norm,0.0013324034,0.027986955,,,,0.022631745785474777,0.1458406150341034,0.09742528945207596,probability_forecast_OT_96_32_LSTM-AQ_custom_ftMS_sl96_ll0_pl32_dm24_nh2_el1_dl1_dmavg_ma25_df2048_expand2_dc4_fc1_ebtimeF_dtTrue_deExp_2024-05-06 23-47-33,2021,probability_forecast,1,OT_96_32,custom,MS,OT,t,3,MinMaxScaler,0,0.8,True,96,0,32,Monthly,False,0.25,0.25,2,4,5,6,321,321,321,24,2,1,1,2048,25,avg,1,True,0,timeF,gelu,False,0,moving_avg,1,0,1,,48,16,50,16,256,3,0.001,Exp,auto,type1,False,True,0,False,"0,1,2,3","[128, 128]",2,False,0,False,False,False,False,False,False,False,False,False,False,False,False,False,False,False,,40,3,20,99,2024-05-06 23-47-33
LSTM-AQ,exchange_rate/exchange_rate.csv,AA_attn_dhz_ap1_norm,0.013628976,0.10536797,,,,0.0432544834911823,0.3421862423419952,0.1768692433834076,probability_forecast_OT_96_32_LSTM-AQ_custom_ftMS_sl96_ll0_pl32_dm40_nh1_el1_dl1_dmavg_ma25_df2048_expand2_dc4_fc1_ebtimeF_dtTrue_deExp_2024-04-24 11-34-20,2021,probability_forecast,1,OT_96_32,custom,MS,OT,t,3,MinMaxScaler,0,0.9,True,96,0,32,Monthly,False,0.25,0.25,2,4,5,6,8,8,8,40,1,1,1,2048,25,avg,1,True,0.0,timeF,gelu,False,0,moving_avg,1,0,1,,48,16,50,43.0,256,3,0.001,Exp,auto,type1,False,True,0,False,"0,1,2,3","[128, 128]",2,False,0,False,False,False,False,False,False,False,False,False,False,False,False,False,False,False,,40,2,20,99,2024-04-24 11-34-20
LSTM-AQ,electricity/electricity.csv,AA_attn_dhz_ap1_norm,0.0011903053,0.026572123,,,,0.021617121994495392,0.14263947308063507,0.0831114873290062,probability_forecast_OT_96_64_LSTM-AQ_custom_ftMS_sl96_ll0_pl64_dm40_nh2_el1_dl1_dmavg_ma25_df2048_expand2_dc4_fc1_ebtimeF_dtTrue_deExp_2024-05-07 02-02-08,2021,probability_forecast,1,OT_96_64,custom,MS,OT,t,3,MinMaxScaler,0,0.8,True,96,0,64,Monthly,False,0.25,0.25,2,4,5,6,321,321,321,40,2,1,1,2048,25,avg,1,True,0,timeF,gelu,False,0,moving_avg,1,0,1,,48,16,50,31,256,3,0.001,Exp,auto,type1,False,True,0,False,"0,1,2,3","[128, 128]",2,False,0,False,False,False,False,False,False,False,False,False,False,False,False,False,False,False,,40,1,20,99,2024-05-07 02-02-08
LSTM-AQ,exchange_rate/exchange_rate.csv,AA_attn_dhz_ap1_norm,0.01869704,0.1273358,,,,0.05209658294916153,0.37420207262039185,0.25199437141418457,probability_forecast_OT_96_64_LSTM-AQ_custom_ftMS_sl96_ll0_pl64_dm64_nh2_el1_dl1_dmavg_ma25_df2048_expand2_dc4_fc1_ebtimeF_dtTrue_deExp_2024-05-07 05-34-41,2021,probability_forecast,1,OT_96_64,custom,MS,OT,t,3,MinMaxScaler,0,0.9,True,96,0,64,Monthly,False,0.25,0.25,2,4,5,6,8,8,8,64,2,1,1,2048,25,avg,1,True,0,timeF,gelu,False,0,moving_avg,1,0,1,,48,16,50,23,256,3,0.001,Exp,auto,type1,False,True,0,False,"0,1,2,3","[128, 128]",2,False,0,False,False,False,False,False,False,False,False,False,False,False,False,False,False,False,,40,1,20,99,2024-05-07 05-34-41
LSTM-AQ,electricity/electricity.csv,AA_attn_dhz_ap1_norm,0.0014405494,0.029923946,,,,0.0205560009926557,0.0786053538322448,0.0810530632734298,probability_forecast_OT_96_96_LSTM-AQ_custom_ftMS_sl96_ll0_pl96_dm24_nh4_el1_dl1_dmavg_ma25_df2048_expand2_dc4_fc1_ebtimeF_dtTrue_deExp_2024-04-23 17-32-45,2021,probability_forecast,1,OT_96_96,custom,MS,OT,t,3,MinMaxScaler,0,0.8,,96,0,96,Monthly,False,0.25,0.25,2,4,5,6,321,321,321,24,4,1,1,2048,25,avg,1,True,0.0,timeF,gelu,False,0,moving_avg,1,0,1,,48,16,50,28.0,256,3,0.001,Exp,auto,type1,False,True,0,False,"0,1,2,3","[128, 128]",2,False,0,False,False,False,False,False,False,False,False,False,False,False,False,False,False,False,,40,1,20,99,2024-04-23 17-32-45
LSTM-AQ,exchange_rate/exchange_rate.csv,AA_attn_dhz_ap1_norm,0.012266637,0.10364054,,,,0.037199430167675,0.3440656960010528,0.2076201438903808,probability_forecast_OT_96_96_LSTM-AQ_custom_ftMS_sl96_ll0_pl96_dm64_nh2_el1_dl1_dmavg_ma25_df2048_expand2_dc4_fc1_ebtimeF_dtTrue_deExp_2024-04-24 17-16-19,2021,probability_forecast,1,OT_96_96,custom,MS,OT,t,3,MinMaxScaler,0,0.9,True,96,0,96,Monthly,False,0.25,0.25,2,4,5,6,8,8,8,64,2,1,1,2048,25,avg,1,True,0,timeF,gelu,False,0,moving_avg,1,0,1,,48,16,50,39,256,3,0.001,Exp,auto,type1,False,True,0,False,"0,1,2,3","[128, 128]",2,False,0,False,False,False,False,False,False,False,False,False,False,False,False,False,False,False,,40,1,20,99,2024-04-24 17-16-19
LSTM-AQ,traffic/traffic.csv,AA_attn_dhz_ap1_norm,0.0037159277,0.037164982,,,,0.02534734643995762,0.1907341331243515,0.05060834065079689,probability_forecast_OT_96_16_LSTM-AQ_custom_ftMS_sl96_ll0_pl16_dm40_nh2_el1_dl1_dmavg_ma25_df2048_expand2_dc4_fc1_ebtimeF_dtTrue_deExp_2024-06-02 16-12-42,2021,probability_forecast,1,OT_96_16,custom,MS,OT,t,3,MinMaxScaler,0,0.9,True,96,0,16,Monthly,False,0.25,0.25,2,4,5,6,862,862,862,40,2,1,1,2048,25,avg,1,True,0,timeF,gelu,False,0,moving_avg,1,0,1,,48,12,50,12,256,3,0.001,Exp,auto,type1,False,True,0,False,"0,1,2,3","[128, 128]",2,False,0,False,False,False,False,False,False,False,False,False,False,False,False,False,False,False,,64,2,20,99,2024-06-02 16-12-42
LSTM-AQ,traffic/traffic.csv,AA_attn_dhz_ap1_norm,0.0038222773,0.03902863,,,,0.02708926796913147,0.2687612771987915,0.043626368045806885,probability_forecast_OT_96_32_LSTM-AQ_custom_ftMS_sl96_ll0_pl32_dm40_nh2_el1_dl1_dmavg_ma25_df2048_expand2_dc4_fc1_ebtimeF_dtTrue_deExp_2024-06-02 22-01-15,2021,probability_forecast,1,OT_96_32,custom,MS,OT,t,3,MinMaxScaler,0,0.9,True,96,0,32,Monthly,False,0.25,0.25,2,4,5,6,862,862,862,40,2,1,1,2048,25,avg,1,True,0,timeF,gelu,False,0,moving_avg,1,0,1,,48,12,50,16,256,3,0.001,Exp,auto,type1,False,True,0,False,"0,1,2,3","[128, 128]",2,False,0,False,False,False,False,False,False,False,False,False,False,False,False,False,False,False,,64,2,20,99,2024-06-02 22-01-15
LSTM-AQ,traffic/traffic.csv,AA_attn_dhz_ap1_norm,0.003997213,0.038953144,,,,0.02810874953866005,0.2527056634426117,0.04263351485133171,probability_forecast_OT_96_64_LSTM-AQ_custom_ftMS_sl96_ll0_pl64_dm64_nh8_el1_dl1_dmavg_ma25_df2048_expand2_dc4_fc1_ebtimeF_dtTrue_deExp_2024-06-02 11-49-53,2021,probability_forecast,1,OT_96_64,custom,MS,OT,t,3,MinMaxScaler,0,0.9,True,96,0,64,Monthly,False,0.25,0.25,2,4,5,6,862,862,862,64,8,1,1,2048,25,avg,1,True,0,timeF,gelu,False,0,moving_avg,1,0,1,,48,12,50,16,256,3,0.001,Exp,auto,type1,False,True,0,False,"0,1,2,3","[128, 128]",2,False,0,False,False,False,False,False,False,False,False,False,False,False,False,False,False,False,,40,3,20,99,2024-06-02 11-49-53
LSTM-AQ,traffic/traffic.csv,AA_attn_dhz_ap1_norm,0.0039066086,0.038398392,,,,0.026939690113067627,0.23681361973285675,0.044068895280361176,probability_forecast_OT_96_96_LSTM-AQ_custom_ftMS_sl96_ll0_pl96_dm64_nh1_el1_dl1_dmavg_ma25_df2048_expand2_dc4_fc1_ebtimeF_dtTrue_deExp_2024-06-02 01-45-36,2021,probability_forecast,1,OT_96_96,custom,MS,OT,t,3,MinMaxScaler,0,0.9,True,96,0,96,Monthly,False,0.25,0.25,2,4,5,6,862,862,862,64,1,1,1,2048,25,avg,1,True,0,timeF,gelu,False,0,moving_avg,1,0,1,,48,12,50,15,256,3,0.001,Exp,auto,type1,False,True,0,False,"0,1,2,3","[128, 128]",2,False,0,False,False,False,False,False,False,False,False,False,False,False,False,False,False,False,,64,2,20,99,2024-06-02 01-45-36
LSTM-AQ2,electricity/electricity.csv,AA_attn_dhz_ap1_norm,0.0013417278,0.027718956,,,,0.1369493156671524,0.21961091458797455,1.5668003559112549,probability_forecast_OT_96_16_LSTM-AQ2_custom_ftMS_sl96_ll1_pl16_dm512_nh8_el1_dl1_dmavg_ma25_df2048_expand2_dc4_fc1_ebtimeF_dtTrue_deExp_2024-06-14 13-59-12,2021,probability_forecast,1,OT_96_16,custom,MS,OT,t,3,MinMaxScaler,0,0.8,False,96,0,16,Monthly,False,0.25,0.25,2,4,5,6,321,321,321,512,8,1,1,2048,25,avg,1,True,0,timeF,gelu,False,0,moving_avg,1,0,1,,48,12,50,23,256,3,0.001,Exp,auto,type1,False,True,0,False,"0,1,2,3","[128, 128]",2,False,0,False,False,False,False,False,False,False,False,False,False,False,False,False,False,False,,512,1,20,99,2024-06-14 13-59-12
LSTM-AQ2,electricity/electricity.csv,AA_attn_dhz_ap1_norm,0.0014886255,0.02923491,,,,0.13960757851600647,0.2194567173719406,1.5959413051605225,probability_forecast_OT_96_32_LSTM-AQ2_custom_ftMS_sl96_ll1_pl32_dm512_nh8_el1_dl1_dmavg_ma25_df2048_expand2_dc4_fc1_ebtimeF_dtTrue_deExp_2024-06-14 14-12-57,2021,probability_forecast,1,OT_96_32,custom,MS,OT,t,3,MinMaxScaler,0,0.8,False,96,0,32,Monthly,False,0.25,0.25,2,4,5,6,321,321,321,512,8,1,1,2048,25,avg,1,True,0,timeF,gelu,False,0,moving_avg,1,0,1,,48,12,50,23,256,3,0.001,Exp,auto,type1,False,True,0,False,"0,1,2,3","[128, 128]",2,False,0,False,False,False,False,False,False,False,False,False,False,False,False,False,False,False,,512,1,20,99,2024-06-14 14-12-57
LSTM-AQ2,electricity/electricity.csv,AA_attn_dhz_ap1_norm,0.001320932,0.027377179,,,,0.13865017890930176,0.2208871841430664,1.5853397846221924,probability_forecast_OT_96_64_LSTM-AQ2_custom_ftMS_sl96_ll1_pl64_dm512_nh8_el1_dl1_dmavg_ma25_df2048_expand2_dc4_fc1_ebtimeF_dtTrue_deExp_2024-06-14 14-33-45,2021,probability_forecast,1,OT_96_64,custom,MS,OT,t,3,MinMaxScaler,0,0.8,False,96,0,64,Monthly,False,0.25,0.25,2,4,5,6,321,321,321,512,8,1,1,2048,25,avg,1,True,0,timeF,gelu,False,0,moving_avg,1,0,1,,48,12,50,31,256,3,0.001,Exp,auto,type1,False,True,0,False,"0,1,2,3","[128, 128]",2,False,0,False,False,False,False,False,False,False,False,False,False,False,False,False,False,False,,512,1,20,99,2024-06-14 14-33-45
LSTM-AQ2,electricity/electricity.csv,AA_attn_dhz_ap1_norm,0.0015887592,0.030399779,,,,0.13694365322589874,0.21646741032600403,1.5684341192245483,probability_forecast_OT_96_96_LSTM-AQ2_custom_ftMS_sl96_ll1_pl96_dm512_nh8_el1_dl1_dmavg_ma25_df2048_expand2_dc4_fc1_ebtimeF_dtTrue_deExp_2024-06-14 15-17-50,2021,probability_forecast,1,OT_96_96,custom,MS,OT,t,3,MinMaxScaler,0,0.8,False,96,0,96,Monthly,False,0.25,0.25,2,4,5,6,321,321,321,512,8,1,1,2048,25,avg,1,True,0,timeF,gelu,False,0,moving_avg,1,0,1,,48,12,50,16,256,3,0.001,Exp,auto,type1,False,True,0,False,"0,1,2,3","[128, 128]",2,False,0,False,False,False,False,False,False,False,False,False,False,False,False,False,False,False,,512,1,20,99,2024-06-14 15-17-50
LSTM-AQ2,exchange_rate/exchange_rate.csv,AA_attn_dhz_ap1_norm,0.15576856,0.35484987,,,,0.24233224987983704,0.3184339106082916,1.0503621101379395,probability_forecast_OT_96_16_LSTM-AQ2_custom_ftMS_sl96_ll1_pl16_dm512_nh8_el1_dl1_dmavg_ma25_df2048_expand2_dc4_fc1_ebtimeF_dtTrue_deExp_2024-06-14 16-19-51,2021,probability_forecast,1,OT_96_16,custom,MS,OT,t,3,MinMaxScaler,0,0.9,False,96,0,16,Monthly,False,0.25,0.25,2,4,5,6,8,8,8,512,8,1,1,2048,25,avg,1,True,0,timeF,gelu,False,0,moving_avg,1,0,1,,48,12,50,5,256,3,0.001,Exp,auto,type1,False,True,0,False,"0,1,2,3","[128, 128]",2,False,0,False,False,False,False,False,False,False,False,False,False,False,False,False,False,False,,512,1,20,99,2024-06-14 16-19-51
LSTM-AQ2,exchange_rate/exchange_rate.csv,AA_attn_dhz_ap1_norm,0.19344422,0.4039797,,,,0.27892279624938965,0.37214356660842896,0.9678062796592712,probability_forecast_OT_96_32_LSTM-AQ2_custom_ftMS_sl96_ll1_pl32_dm512_nh8_el1_dl1_dmavg_ma25_df2048_expand2_dc4_fc1_ebtimeF_dtTrue_deExp_2024-06-14 16-23-06,2021,probability_forecast,1,OT_96_32,custom,MS,OT,t,3,MinMaxScaler,0,0.9,False,96,0,32,Monthly,False,0.25,0.25,2,4,5,6,8,8,8,512,8,1,1,2048,25,avg,1,True,0,timeF,gelu,False,0,moving_avg,1,0,1,,48,12,50,4,256,3,0.001,Exp,auto,type1,False,True,0,False,"0,1,2,3","[128, 128]",2,False,0,False,False,False,False,False,False,False,False,False,False,False,False,False,False,False,,512,1,20,99,2024-06-14 16-23-06
LSTM-AQ2,exchange_rate/exchange_rate.csv,AA_attn_dhz_ap1_norm,0.18526983,0.39346945,,,,0.27216410636901855,0.3722463548183441,0.9162906408309937,probability_forecast_OT_96_64_LSTM-AQ2_custom_ftMS_sl96_ll1_pl64_dm512_nh8_el1_dl1_dmavg_ma25_df2048_expand2_dc4_fc1_ebtimeF_dtTrue_deExp_2024-06-14 16-26-57,2021,probability_forecast,1,OT_96_64,custom,MS,OT,t,3,MinMaxScaler,0,0.9,False,96,0,64,Monthly,False,0.25,0.25,2,4,5,6,8,8,8,512,8,1,1,2048,25,avg,1,True,0,timeF,gelu,False,0,moving_avg,1,0,1,,48,12,50,5,256,3,0.001,Exp,auto,type1,False,True,0,False,"0,1,2,3","[128, 128]",2,False,0,False,False,False,False,False,False,False,False,False,False,False,False,False,False,False,,512,1,20,99,2024-06-14 16-26-57
LSTM-AQ2,exchange_rate/exchange_rate.csv,AA_attn_dhz_ap1_norm,0.0056686467,0.062915176,,,,0.16519896686077118,0.223525732755661,1.8079869747161865,probability_forecast_OT_96_96_LSTM-AQ2_custom_ftMS_sl96_ll1_pl96_dm512_nh8_el1_dl1_dmavg_ma25_df2048_expand2_dc4_fc1_ebtimeF_dtTrue_deExp_2024-06-14 16-32-39,2021,probability_forecast,1,OT_96_96,custom,MS,OT,t,3,MinMaxScaler,0,0.9,False,96,0,96,Monthly,False,0.25,0.25,2,4,5,6,8,8,8,512,8,1,1,2048,25,avg,1,True,0,timeF,gelu,False,0,moving_avg,1,0,1,,48,12,50,20,256,3,0.001,Exp,auto,type1,False,True,0,False,"0,1,2,3","[128, 128]",2,False,0,False,False,False,False,False,False,False,False,False,False,False,False,False,False,False,,512,1,20,99,2024-06-14 16-32-39
LSTM-AQ2,traffic/traffic.csv,AA_attn_dhz_ap1_norm,0.0025355539,0.028929237,,,,0.05524033308029175,0.21240611374378204,0.5552685260772705,probability_forecast_OT_96_16_LSTM-AQ2_custom_ftMS_sl96_ll0_pl16_dm512_nh8_el1_dl1_dmavg_ma25_df2048_expand2_dc4_fc1_ebtimeF_dtTrue_deExp_2024-06-14 17-17-15,2021,probability_forecast,1,OT_96_16,custom,MS,OT,t,3,MinMaxScaler,0,0.9,False,96,0,16,Monthly,False,0.25,0.25,2,4,5,6,862,862,862,512,8,1,1,2048,25,avg,1,True,0,timeF,gelu,False,0,moving_avg,1,0,1,,48,12,50,13,256,3,0.001,Exp,auto,type1,False,True,0,False,"0,1,2,3","[128, 128]",2,False,0,False,False,False,False,False,False,False,False,False,False,False,False,False,False,False,,512,1,20,99,2024-06-14 17-17-15
LSTM-AQ2,traffic/traffic.csv,AA_attn_dhz_ap1_norm,0.002946761,0.03332475,,,,0.05683112144470215,0.21527953445911407,0.5526546835899353,probability_forecast_OT_96_32_LSTM-AQ2_custom_ftMS_sl96_ll0_pl32_dm512_nh8_el1_dl1_dmavg_ma25_df2048_expand2_dc4_fc1_ebtimeF_dtTrue_deExp_2024-06-14 17-25-17,2021,probability_forecast,1,OT_96_32,custom,MS,OT,t,3,MinMaxScaler,0,0.9,False,96,0,32,Monthly,False,0.25,0.25,2,4,5,6,862,862,862,512,8,1,1,2048,25,avg,1,True,0,timeF,gelu,False,0,moving_avg,1,0,1,,48,12,50,17,256,3,0.001,Exp,auto,type1,False,True,0,False,"0,1,2,3","[128, 128]",2,False,0,False,False,False,False,False,False,False,False,False,False,False,False,False,False,False,,512,1,20,99,2024-06-14 17-25-17
LSTM-AQ2,traffic/traffic.csv,AA_attn_dhz_ap1_norm,0.0031209965,0.034210935,,,,0.055562812834978104,0.2141990214586258,0.5327593088150024,probability_forecast_OT_96_64_LSTM-AQ2_custom_ftMS_sl96_ll0_pl64_dm512_nh8_el1_dl1_dmavg_ma25_df2048_expand2_dc4_fc1_ebtimeF_dtTrue_deExp_2024-06-14 17-38-47,2021,probability_forecast,1,OT_96_64,custom,MS,OT,t,3,MinMaxScaler,0,0.9,False,96,0,64,Monthly,False,0.25,0.25,2,4,5,6,862,862,862,512,8,1,1,2048,25,avg,1,True,0,timeF,gelu,False,0,moving_avg,1,0,1,,48,12,50,9,256,3,0.001,Exp,auto,type1,False,True,0,False,"0,1,2,3","[128, 128]",2,False,0,False,False,False,False,False,False,False,False,False,False,False,False,False,False,False,,512,1,20,99,2024-06-14 17-38-47
LSTM-AQ2,traffic/traffic.csv,AA_attn_dhz_ap1_norm,0.0027565812,0.03075051,,,,0.058020882308483124,0.21445433795452118,0.5653196573257446,probability_forecast_OT_96_96_LSTM-AQ2_custom_ftMS_sl96_ll0_pl96_dm512_nh8_el1_dl1_dmavg_ma25_df2048_expand2_dc4_fc1_ebtimeF_dtTrue_deExp_2024-06-14 17-54-21,2021,probability_forecast,1,OT_96_96,custom,MS,OT,t,3,MinMaxScaler,0,0.9,False,96,0,96,Monthly,False,0.25,0.25,2,4,5,6,862,862,862,512,8,1,1,2048,25,avg,1,True,0,timeF,gelu,False,0,moving_avg,1,0,1,,48,12,50,14,256,3,0.001,Exp,auto,type1,False,True,0,False,"0,1,2,3","[128, 128]",2,False,0,False,False,False,False,False,False,False,False,False,False,False,False,False,False,False,,512,1,20,99,2024-06-14 17-54-21
LSTM-AQ3,electricity/electricity.csv,AA_attn_dhz_ap1_norm,0.0015634425,0.02998225,,,,0.13494020700454712,0.22089199721813202,1.5270543098449707,probability_forecast_OT_96_16_LSTM-AQ3_custom_ftMS_sl96_ll0_pl16_dm512_nh8_el1_dl1_dmavg_ma25_df2048_expand2_dc4_fc1_ebtimeF_dtTrue_deExp_2024-06-14 18-23-17,2021,probability_forecast,1,OT_96_16,custom,MS,OT,t,3,MinMaxScaler,0,0.8,False,96,0,16,Monthly,False,0.25,0.25,2,4,5,6,321,321,321,512,8,1,1,2048,25,avg,1,True,0,timeF,gelu,False,0,moving_avg,1,0,1,,48,12,50,18,256,3,0.001,Exp,auto,type1,False,True,0,False,"0,1,2,3","[128, 128]",2,False,0,False,False,False,False,False,False,False,False,False,False,False,False,False,False,False,,512,1,20,99,2024-06-14 18-23-17
LSTM-AQ3,electricity/electricity.csv,AA_attn_dhz_ap1_norm,0.0017816143,0.031948876,,,,0.1351739913225174,0.22080175578594208,1.5139274597167969,probability_forecast_OT_96_32_LSTM-AQ3_custom_ftMS_sl96_ll0_pl32_dm512_nh8_el1_dl1_dmavg_ma25_df2048_expand2_dc4_fc1_ebtimeF_dtTrue_deExp_2024-06-14 18-34-58,2021,probability_forecast,1,OT_96_32,custom,MS,OT,t,3,MinMaxScaler,0,0.8,False,96,0,32,Monthly,False,0.25,0.25,2,4,5,6,321,321,321,512,8,1,1,2048,25,avg,1,True,0,timeF,gelu,False,0,moving_avg,1,0,1,,48,12,50,18,256,3,0.001,Exp,auto,type1,False,True,0,False,"0,1,2,3","[128, 128]",2,False,0,False,False,False,False,False,False,False,False,False,False,False,False,False,False,False,,512,1,20,99,2024-06-14 18-34-58
LSTM-AQ3,electricity/electricity.csv,AA_attn_dhz_ap1_norm,0.0015621624,0.029881319,,,,0.13682900369167328,0.22099126875400543,1.5547794103622437,probability_forecast_OT_96_64_LSTM-AQ3_custom_ftMS_sl96_ll0_pl64_dm512_nh8_el1_dl1_dmavg_ma25_df2048_expand2_dc4_fc1_ebtimeF_dtTrue_deExp_2024-06-14 18-52-39,2021,probability_forecast,1,OT_96_64,custom,MS,OT,t,3,MinMaxScaler,0,0.8,False,96,0,64,Monthly,False,0.25,0.25,2,4,5,6,321,321,321,512,8,1,1,2048,25,avg,1,True,0,timeF,gelu,False,0,moving_avg,1,0,1,,48,12,50,14,256,3,0.001,Exp,auto,type1,False,True,0,False,"0,1,2,3","[128, 128]",2,False,0,False,False,False,False,False,False,False,False,False,False,False,False,False,False,False,,512,1,20,99,2024-06-14 18-52-39
LSTM-AQ3,electricity/electricity.csv,AA_attn_dhz_ap1_norm,0.0016126994,0.030428106,,,,0.1352659910917282,0.22029557824134827,1.5257749557495117,probability_forecast_OT_96_96_LSTM-AQ3_custom_ftMS_sl96_ll0_pl96_dm512_nh8_el1_dl1_dmavg_ma25_df2048_expand2_dc4_fc1_ebtimeF_dtTrue_deExp_2024-06-14 19-19-02,2021,probability_forecast,1,OT_96_96,custom,MS,OT,t,3,MinMaxScaler,0,0.8,False,96,0,96,Monthly,False,0.25,0.25,2,4,5,6,321,321,321,512,8,1,1,2048,25,avg,1,True,0,timeF,gelu,False,0,moving_avg,1,0,1,,48,12,50,19,256,3,0.001,Exp,auto,type1,False,True,0,False,"0,1,2,3","[128, 128]",2,False,0,False,False,False,False,False,False,False,False,False,False,False,False,False,False,False,,512,1,20,99,2024-06-14 19-19-02
LSTM-AQ3,exchange_rate/exchange_rate.csv,AA_attn_dhz_ap1_norm,0.06772906,0.2225236,,,,0.16191163659095764,0.18703226745128632,1.3903956413269043,probability_forecast_OT_96_16_LSTM-AQ3_custom_ftMS_sl96_ll0_pl16_dm512_nh8_el1_dl1_dmavg_ma25_df2048_expand2_dc4_fc1_ebtimeF_dtTrue_deExp_2024-06-14 20-34-53,2021,probability_forecast,1,OT_96_16,custom,MS,OT,t,3,MinMaxScaler,0,0.9,False,96,0,16,Monthly,False,0.25,0.25,2,4,5,6,8,8,8,512,8,1,1,2048,25,avg,1,True,0,timeF,gelu,False,0,moving_avg,1,0,1,,48,12,50,8,256,3,0.001,Exp,auto,type1,False,True,0,False,"0,1,2,3","[128, 128]",2,False,0,False,False,False,False,False,False,False,False,False,False,False,False,False,False,False,,512,1,20,99,2024-06-14 20-34-53
LSTM-AQ3,exchange_rate/exchange_rate.csv,AA_attn_dhz_ap1_norm,0.1402852,0.33203444,,,,0.22783777117729187,0.2994166314601898,1.0554792881011963,probability_forecast_OT_96_32_LSTM-AQ3_custom_ftMS_sl96_ll0_pl32_dm512_nh8_el1_dl1_dmavg_ma25_df2048_expand2_dc4_fc1_ebtimeF_dtTrue_deExp_2024-06-14 20-38-25,2021,probability_forecast,1,OT_96_32,custom,MS,OT,t,3,MinMaxScaler,0,0.9,False,96,0,32,Monthly,False,0.25,0.25,2,4,5,6,8,8,8,512,8,1,1,2048,25,avg,1,True,0,timeF,gelu,False,0,moving_avg,1,0,1,,48,12,50,7,256,3,0.001,Exp,auto,type1,False,True,0,False,"0,1,2,3","[128, 128]",2,False,0,False,False,False,False,False,False,False,False,False,False,False,False,False,False,False,,512,1,20,99,2024-06-14 20-38-25
LSTM-AQ3,exchange_rate/exchange_rate.csv,AA_attn_dhz_ap1_norm,0.18201031,0.38935572,,,,0.2659430503845215,0.3725804388523102,0.943144679069519,probability_forecast_OT_96_64_LSTM-AQ3_custom_ftMS_sl96_ll0_pl64_dm512_nh8_el1_dl1_dmavg_ma25_df2048_expand2_dc4_fc1_ebtimeF_dtTrue_deExp_2024-06-14 20-52-21,2021,probability_forecast,1,OT_96_64,custom,MS,OT,t,3,MinMaxScaler,0,0.9,False,96,0,64,Monthly,False,0.25,0.25,2,4,5,6,8,8,8,512,8,1,1,2048,25,avg,1,True,0,timeF,gelu,False,0,moving_avg,1,0,1,,48,12,50,4,256,3,0.001,Exp,auto,type1,False,True,0,False,"0,1,2,3","[128, 128]",2,False,0,False,False,False,False,False,False,False,False,False,False,False,False,False,False,False,,512,1,20,99,2024-06-14 20-52-21
LSTM-AQ3,exchange_rate/exchange_rate.csv,AA_attn_dhz_ap1_norm,0.15224044,0.34905586,,,,0.2330269068479538,0.33134040236473083,1.0032579898834229,probability_forecast_OT_96_96_LSTM-AQ3_custom_ftMS_sl96_ll0_pl96_dm512_nh8_el1_dl1_dmavg_ma25_df2048_expand2_dc4_fc1_ebtimeF_dtTrue_deExp_2024-06-14 20-57-56,2021,probability_forecast,1,OT_96_96,custom,MS,OT,t,3,MinMaxScaler,0,0.9,False,96,0,96,Monthly,False,0.25,0.25,2,4,5,6,8,8,8,512,8,1,1,2048,25,avg,1,True,0,timeF,gelu,False,0,moving_avg,1,0,1,,48,12,50,6,256,3,0.001,Exp,auto,type1,False,True,0,False,"0,1,2,3","[128, 128]",2,False,0,False,False,False,False,False,False,False,False,False,False,False,False,False,False,False,,512,1,20,99,2024-06-14 20-57-56
LSTM-AQ3,traffic/traffic.csv,AA_attn_dhz_ap1_norm,0.0029593413,0.032528143,,,,0.055687204003334045,0.22194340825080872,0.527560830116272,probability_forecast_OT_96_16_LSTM-AQ3_custom_ftMS_sl96_ll0_pl16_dm512_nh8_el1_dl1_dmavg_ma25_df2048_expand2_dc4_fc1_ebtimeF_dtTrue_deExp_2024-06-14 21-05-55,2021,probability_forecast,1,OT_96_16,custom,MS,OT,t,3,MinMaxScaler,0,0.9,False,96,0,16,Monthly,False,0.25,0.25,2,4,5,6,862,862,862,512,8,1,1,2048,25,avg,1,True,0,timeF,gelu,False,0,moving_avg,1,0,1,,48,12,50,7,256,3,0.001,Exp,auto,type1,False,True,0,False,"0,1,2,3","[128, 128]",2,False,0,False,False,False,False,False,False,False,False,False,False,False,False,False,False,False,,512,1,20,99,2024-06-14 21-05-55
LSTM-AQ3,traffic/traffic.csv,AA_attn_dhz_ap1_norm,0.0029372345,0.03245369,,,,0.05564140900969505,0.21580876410007477,0.549763560295105,probability_forecast_OT_96_32_LSTM-AQ3_custom_ftMS_sl96_ll0_pl32_dm512_nh8_el1_dl1_dmavg_ma25_df2048_expand2_dc4_fc1_ebtimeF_dtTrue_deExp_2024-06-14 21-12-10,2021,probability_forecast,1,OT_96_32,custom,MS,OT,t,3,MinMaxScaler,0,0.9,False,96,0,32,Monthly,False,0.25,0.25,2,4,5,6,862,862,862,512,8,1,1,2048,25,avg,1,True,0,timeF,gelu,False,0,moving_avg,1,0,1,,48,12,50,9,256,3,0.001,Exp,auto,type1,False,True,0,False,"0,1,2,3","[128, 128]",2,False,0,False,False,False,False,False,False,False,False,False,False,False,False,False,False,False,,512,1,20,99,2024-06-14 21-12-10
LSTM-AQ3,traffic/traffic.csv,AA_attn_dhz_ap1_norm,0.002985027,0.03203913,,,,0.06616711616516113,0.2349649965763092,0.5712900161743164,probability_forecast_OT_96_64_LSTM-AQ3_custom_ftMS_sl96_ll0_pl64_dm512_nh8_el1_dl1_dmavg_ma25_df2048_expand2_dc4_fc1_ebtimeF_dtTrue_deExp_2024-06-14 23-38-55,2021,probability_forecast,1,OT_96_64,custom,MS,OT,t,3,MinMaxScaler,0,0.9,False,96,0,64,Monthly,False,0.25,0.25,2,4,5,6,862,862,862,512,8,1,1,2048,25,avg,1,True,0,timeF,gelu,False,0,moving_avg,1,0,1,,48,12,50,14,256,3,0.001,Exp,auto,type1,False,True,0,False,"0,1,2,3","[128, 128]",2,False,0,False,False,False,False,False,False,False,False,False,False,False,False,False,False,False,,512,1,20,99,2024-06-14 23-38-55
LSTM-AQ3,traffic/traffic.csv,AA_attn_dhz_ap1_norm,0.002756434,0.03002827,,,,0.04738978296518326,0.20381738245487213,0.48661231994628906,probability_forecast_OT_96_96_LSTM-AQ3_custom_ftMS_sl96_ll0_pl96_dm512_nh8_el1_dl1_dmavg_ma25_df2048_expand2_dc4_fc1_ebtimeF_dtTrue_deExp_2024-06-14 23-59-06,2021,probability_forecast,1,OT_96_96,custom,MS,OT,t,3,MinMaxScaler,0,0.9,False,96,0,96,Monthly,False,0.25,0.25,2,4,5,6,862,862,862,512,8,1,1,2048,25,avg,1,True,0,timeF,gelu,False,0,moving_avg,1,0,1,,48,12,50,10,256,3,0.001,Exp,auto,type1,False,True,0,False,"0,1,2,3","[128, 128]",2,False,0,False,False,False,False,False,False,False,False,False,False,False,False,False,False,False,,512,1,20,99,2024-06-14 23-59-06
LSTM-AQ4,electricity/electricity.csv,AA_attn_dhz_ap1_norm,0.0020485374,0.036078196,,,,0.02635859325528145,0.18435701727867126,0.03696031868457794,probability_forecast_OT_96_16_LSTM-AQ4_custom_ftMS_sl96_ll0_pl16_dm512_nh8_el1_dl1_dmavg_ma25_df2048_expand2_dc4_fc1_ebtimeF_dtTrue_deExp_2024-06-15 01-29-47,2021,probability_forecast,1,OT_96_16,custom,MS,OT,t,3,MinMaxScaler,0,0.8,False,96,0,16,Monthly,False,0.25,0.25,2,4,5,6,321,321,321,512,8,1,1,2048,25,avg,1,True,0,timeF,gelu,False,0,moving_avg,1,0,1,,48,12,50,30,256,3,0.001,Exp,auto,type1,False,True,0,False,"0,1,2,3","[128, 128]",2,False,0,False,False,False,False,False,False,False,False,False,False,False,False,False,False,False,,512,1,20,99,2024-06-15 01-29-47
LSTM-AQ4,electricity/electricity.csv,AA_attn_dhz_ap1_norm,0.0017974589,0.033091486,,,,0.02810041420161724,0.188446044921875,0.03758182004094124,probability_forecast_OT_96_32_LSTM-AQ4_custom_ftMS_sl96_ll0_pl32_dm512_nh8_el1_dl1_dmavg_ma25_df2048_expand2_dc4_fc1_ebtimeF_dtTrue_deExp_2024-06-15 01-54-05,2021,probability_forecast,1,OT_96_32,custom,MS,OT,t,3,MinMaxScaler,0,0.8,False,96,0,32,Monthly,False,0.25,0.25,2,4,5,6,321,321,321,512,8,1,1,2048,25,avg,1,True,0,timeF,gelu,False,0,moving_avg,1,0,1,,48,12,50,20,256,3,0.001,Exp,auto,type1,False,True,0,False,"0,1,2,3","[128, 128]",2,False,0,False,False,False,False,False,False,False,False,False,False,False,False,False,False,False,,512,1,20,99,2024-06-15 01-54-05
LSTM-AQ4,electricity/electricity.csv,AA_attn_dhz_ap1_norm,0.0022580246,0.037773546,,,,0.02799663133919239,0.1857295036315918,0.03676028922200203,probability_forecast_OT_96_64_LSTM-AQ4_custom_ftMS_sl96_ll0_pl64_dm512_nh8_el1_dl1_dmavg_ma25_df2048_expand2_dc4_fc1_ebtimeF_dtTrue_deExp_2024-06-15 02-21-08,2021,probability_forecast,1,OT_96_64,custom,MS,OT,t,3,MinMaxScaler,0,0.8,False,96,0,64,Monthly,False,0.25,0.25,2,4,5,6,321,321,321,512,8,1,1,2048,25,avg,1,True,0,timeF,gelu,False,0,moving_avg,1,0,1,,48,12,50,13,256,3,0.001,Exp,auto,type1,False,True,0,False,"0,1,2,3","[128, 128]",2,False,0,False,False,False,False,False,False,False,False,False,False,False,False,False,False,False,,512,1,20,99,2024-06-15 02-21-08
LSTM-AQ4,electricity/electricity.csv,AA_attn_dhz_ap1_norm,0.0018771965,0.0344854,,,,0.026479583233594894,0.18054980039596558,0.037563469260931015,probability_forecast_OT_96_96_LSTM-AQ4_custom_ftMS_sl96_ll0_pl96_dm512_nh8_el1_dl1_dmavg_ma25_df2048_expand2_dc4_fc1_ebtimeF_dtTrue_deExp_2024-06-15 02-53-21,2021,probability_forecast,1,OT_96_96,custom,MS,OT,t,3,MinMaxScaler,0,0.8,False,96,0,96,Monthly,False,0.25,0.25,2,4,5,6,321,321,321,512,8,1,1,2048,25,avg,1,True,0,timeF,gelu,False,0,moving_avg,1,0,1,,48,12,50,18,256,3,0.001,Exp,auto,type1,False,True,0,False,"0,1,2,3","[128, 128]",2,False,0,False,False,False,False,False,False,False,False,False,False,False,False,False,False,False,,512,1,20,99,2024-06-15 02-53-21
LSTM-AQ4,exchange_rate/exchange_rate.csv,AA_attn_dhz_ap1_norm,0.16062783,0.36227036,,,,0.3333430588245392,0.48628702759742737,0.041348207741975784,probability_forecast_OT_96_16_LSTM-AQ4_custom_ftMS_sl96_ll0_pl16_dm512_nh8_el1_dl1_dmavg_ma25_df2048_expand2_dc4_fc1_ebtimeF_dtTrue_deExp_2024-06-15 04-04-27,2021,probability_forecast,1,OT_96_16,custom,MS,OT,t,3,MinMaxScaler,0,0.9,False,96,0,16,Monthly,False,0.25,0.25,2,4,5,6,8,8,8,512,8,1,1,2048,25,avg,1,True,0,timeF,gelu,False,0,moving_avg,1,0,1,,48,12,50,5,256,3,0.001,Exp,auto,type1,False,True,0,False,"0,1,2,3","[128, 128]",2,False,0,False,False,False,False,False,False,False,False,False,False,False,False,False,False,False,,512,1,20,99,2024-06-15 04-04-27
LSTM-AQ4,exchange_rate/exchange_rate.csv,AA_attn_dhz_ap1_norm,0.15952526,0.3617678,,,,0.3329242467880249,0.49143579602241516,0.03908943384885788,probability_forecast_OT_96_32_LSTM-AQ4_custom_ftMS_sl96_ll0_pl32_dm512_nh8_el1_dl1_dmavg_ma25_df2048_expand2_dc4_fc1_ebtimeF_dtTrue_deExp_2024-06-15 04-07-47,2021,probability_forecast,1,OT_96_32,custom,MS,OT,t,3,MinMaxScaler,0,0.9,False,96,0,32,Monthly,False,0.25,0.25,2,4,5,6,8,8,8,512,8,1,1,2048,25,avg,1,True,0,timeF,gelu,False,0,moving_avg,1,0,1,,48,12,50,7,256,3,0.001,Exp,auto,type1,False,True,0,False,"0,1,2,3","[128, 128]",2,False,0,False,False,False,False,False,False,False,False,False,False,False,False,False,False,False,,512,1,20,99,2024-06-15 04-07-47
LSTM-AQ4,exchange_rate/exchange_rate.csv,AA_attn_dhz_ap1_norm,0.12621796,0.3103681,,,,0.2812871038913727,0.44897913932800293,0.044316671788692474,probability_forecast_OT_96_64_LSTM-AQ4_custom_ftMS_sl96_ll0_pl64_dm512_nh8_el1_dl1_dmavg_ma25_df2048_expand2_dc4_fc1_ebtimeF_dtTrue_deExp_2024-06-15 04-12-33,2021,probability_forecast,1,OT_96_64,custom,MS,OT,t,3,MinMaxScaler,0,0.9,False,96,0,64,Monthly,False,0.25,0.25,2,4,5,6,8,8,8,512,8,1,1,2048,25,avg,1,True,0,timeF,gelu,False,0,moving_avg,1,0,1,,48,12,50,9,256,3,0.001,Exp,auto,type1,False,True,0,False,"0,1,2,3","[128, 128]",2,False,0,False,False,False,False,False,False,False,False,False,False,False,False,False,False,False,,512,1,20,99,2024-06-15 04-12-33
LSTM-AQ4,exchange_rate/exchange_rate.csv,AA_attn_dhz_ap1_norm,0.1117595,0.28423342,,,,0.25637707114219666,0.3869474530220032,0.05216062068939209,probability_forecast_OT_96_96_LSTM-AQ4_custom_ftMS_sl96_ll0_pl96_dm512_nh8_el1_dl1_dmavg_ma25_df2048_expand2_dc4_fc1_ebtimeF_dtTrue_deExp_2024-06-15 04-20-41,2021,probability_forecast,1,OT_96_96,custom,MS,OT,t,3,MinMaxScaler,0,0.9,False,96,0,96,Monthly,False,0.25,0.25,2,4,5,6,8,8,8,512,8,1,1,2048,25,avg,1,True,0,timeF,gelu,False,0,moving_avg,1,0,1,,48,12,50,10,256,3,0.001,Exp,auto,type1,False,True,0,False,"0,1,2,3","[128, 128]",2,False,0,False,False,False,False,False,False,False,False,False,False,False,False,False,False,False,,512,1,20,99,2024-06-15 04-20-41
LSTM-AQ4,traffic/traffic.csv,AA_attn_dhz_ap1_norm,0.0035670286,0.036970146,,,,0.029189493507146835,0.2766706645488739,0.016574494540691376,probability_forecast_OT_96_16_LSTM-AQ4_custom_ftMS_sl96_ll0_pl16_dm512_nh8_el1_dl1_dmavg_ma25_df2048_expand2_dc4_fc1_ebtimeF_dtTrue_deExp_2024-06-15 04-32-23,2021,probability_forecast,1,OT_96_16,custom,MS,OT,t,3,MinMaxScaler,0,0.9,False,96,0,16,Monthly,False,0.25,0.25,2,4,5,6,862,862,862,512,8,1,1,2048,25,avg,1,True,0,timeF,gelu,False,0,moving_avg,1,0,1,,48,12,50,10,256,3,0.001,Exp,auto,type1,False,True,0,False,"0,1,2,3","[128, 128]",2,False,0,False,False,False,False,False,False,False,False,False,False,False,False,False,False,False,,512,1,20,99,2024-06-15 04-32-23
LSTM-AQ4,traffic/traffic.csv,AA_attn_dhz_ap1_norm,0.0035903687,0.036058627,,,,0.0285630002617836,0.2269098460674286,0.017044436186552048,probability_forecast_OT_96_32_LSTM-AQ4_custom_ftMS_sl96_ll0_pl32_dm512_nh8_el1_dl1_dmavg_ma25_df2048_expand2_dc4_fc1_ebtimeF_dtTrue_deExp_2024-06-15 04-40-22,2021,probability_forecast,1,OT_96_32,custom,MS,OT,t,3,MinMaxScaler,0,0.9,False,96,0,32,Monthly,False,0.25,0.25,2,4,5,6,862,862,862,512,8,1,1,2048,25,avg,1,True,0,timeF,gelu,False,0,moving_avg,1,0,1,,48,12,50,12,256,3,0.001,Exp,auto,type1,False,True,0,False,"0,1,2,3","[128, 128]",2,False,0,False,False,False,False,False,False,False,False,False,False,False,False,False,False,False,,512,1,20,99,2024-06-15 04-40-22
LSTM-AQ4,traffic/traffic.csv,AA_attn_dhz_ap1_norm,0.0036704289,0.03780054,,,,0.0297078937292099,0.2630752921104431,0.016346368938684464,probability_forecast_OT_96_64_LSTM-AQ4_custom_ftMS_sl96_ll0_pl64_dm512_nh8_el1_dl1_dmavg_ma25_df2048_expand2_dc4_fc1_ebtimeF_dtTrue_deExp_2024-06-15 04-53-44,2021,probability_forecast,1,OT_96_64,custom,MS,OT,t,3,MinMaxScaler,0,0.9,False,96,0,64,Monthly,False,0.25,0.25,2,4,5,6,862,862,862,512,8,1,1,2048,25,avg,1,True,0,timeF,gelu,False,0,moving_avg,1,0,1,,48,12,50,16,256,3,0.001,Exp,auto,type1,False,True,0,False,"0,1,2,3","[128, 128]",2,False,0,False,False,False,False,False,False,False,False,False,False,False,False,False,False,False,,512,1,20,99,2024-06-15 04-53-44
LSTM-AQ4,traffic/traffic.csv,AA_attn_dhz_ap1_norm,0.0033999027,0.036344912,,,,0.028414782136678696,0.2554871141910553,0.016918323934078217,probability_forecast_OT_96_96_LSTM-AQ4_custom_ftMS_sl96_ll0_pl96_dm512_nh8_el1_dl1_dmavg_ma25_df2048_expand2_dc4_fc1_ebtimeF_dtTrue_deExp_2024-06-15 05-20-56,2021,probability_forecast,1,OT_96_96,custom,MS,OT,t,3,MinMaxScaler,0,0.9,False,96,0,96,Monthly,False,0.25,0.25,2,4,5,6,862,862,862,512,8,1,1,2048,25,avg,1,True,0,timeF,gelu,False,0,moving_avg,1,0,1,,48,12,50,9,256,3,0.001,Exp,auto,type1,False,True,0,False,"0,1,2,3","[128, 128]",2,False,0,False,False,False,False,False,False,False,False,False,False,False,False,False,False,False,,512,1,20,99,2024-06-15 05-20-56
