model,data_path,custom_params,mse,mae,acc,smape,f_score,crps,mre,pinaw,setting,seed,task_name,is_training,model_id,data,features,target,freq,lag,scaler,reindex,reindex_tolerance,pin_memory,seq_len,label_len,pred_len,seasonal_patterns,inverse,mask_rate,anomaly_ratio,expand,d_conv,top_k,num_kernels,enc_in,dec_in,c_out,d_model,n_heads,e_layers,d_layers,d_ff,moving_avg,series_decomp_mode,factor,distil,dropout,embed,activation,output_attention,channel_independence,decomp_method,use_norm,down_sampling_layers,down_sampling_window,down_sampling_method,seg_len,num_workers,train_epochs,stop_epochs,batch_size,patience,learning_rate,des,loss,lradj,use_amp,use_gpu,gpu,use_multi_gpu,devices,p_hidden_dims,p_hidden_layers,use_dtw,augmentation_ratio,jitter,scaling,permutation,randompermutation,magwarp,timewarp,windowslice,windowwarp,rotation,spawner,dtwwarp,shapedtwwarp,wdba,discdtw,discsdtw,extra_tag,lstm_hidden_size,lstm_layers,num_spline,sample_times,run_time
LSTM-AQ,electricity/electricity.csv,AA_attn_dhz_ap1_norm,0.0022164348,0.036687616,,,,0.0240716934204101,0.0727668553590774,0.096798799932003,probability_forecast_OT_96_96_LSTM-AQ_custom_ftMS_sl96_ll0_pl96_dm24_nh1_el1_dl1_dmavg_ma25_df2048_fc1_ebtimeF_dtTrue_deExp_2024-04-23 12-48-49,2021,probability_forecast,1,OT_96_96,custom,MS,OT,t,3,MinMaxScaler,0,0.8,,96,0,96,Monthly,False,0.25,0.25,2,4,5,6,321,321,321,24,1,1,1,2048,25,avg,1,True,0,timeF,gelu,False,0,moving_avg,1,0,1,,48,16,50,16,256,3,0.001,Exp,auto,type1,False,True,0,False,"0,1,2,3","[128, 128]",2,False,0,False,False,False,False,False,False,False,False,False,False,False,False,False,False,False,,40,2,20,99,2024-04-23 12-48-49
LSTM-AQ,electricity/electricity.csv,AA_attn_dhz_ap1_norm,0.0026790376,0.041518666,,,,0.025524329394102,0.0853694528341293,0.0943242609500885,probability_forecast_OT_96_96_LSTM-AQ_custom_ftMS_sl96_ll0_pl96_dm40_nh1_el1_dl1_dmavg_ma25_df2048_fc1_ebtimeF_dtTrue_deExp_2024-04-23 13-06-00,2021,probability_forecast,1,OT_96_96,custom,MS,OT,t,3,MinMaxScaler,0,0.8,,96,0,96,Monthly,False,0.25,0.25,2,4,5,6,321,321,321,40,1,1,1,2048,25,avg,1,True,0,timeF,gelu,False,0,moving_avg,1,0,1,,48,16,50,15,256,3,0.001,Exp,auto,type1,False,True,0,False,"0,1,2,3","[128, 128]",2,False,0,False,False,False,False,False,False,False,False,False,False,False,False,False,False,False,,40,2,20,99,2024-04-23 13-06-00
LSTM-AQ,electricity/electricity.csv,AA_attn_dhz_ap1_norm,0.0023502808,0.03704233,,,,0.0259638112038373,0.0842500329017639,0.1130846962332725,probability_forecast_OT_96_96_LSTM-AQ_custom_ftMS_sl96_ll0_pl96_dm64_nh1_el1_dl1_dmavg_ma25_df2048_fc1_ebtimeF_dtTrue_deExp_2024-04-23 13-22-23,2021,probability_forecast,1,OT_96_96,custom,MS,OT,t,3,MinMaxScaler,0,0.8,,96,0,96,Monthly,False,0.25,0.25,2,4,5,6,321,321,321,64,1,1,1,2048,25,avg,1,True,0,timeF,gelu,False,0,moving_avg,1,0,1,,48,16,50,10,256,3,0.001,Exp,auto,type1,False,True,0,False,"0,1,2,3","[128, 128]",2,False,0,False,False,False,False,False,False,False,False,False,False,False,False,False,False,False,,40,2,20,99,2024-04-23 13-22-23
LSTM-AQ,electricity/electricity.csv,AA_attn_dhz_ap1_norm,0.0022666613,0.03836204,,,,0.0243816673755645,0.0710067003965377,0.0968718826770782,probability_forecast_OT_96_96_LSTM-AQ_custom_ftMS_sl96_ll0_pl96_dm24_nh2_el1_dl1_dmavg_ma25_df2048_fc1_ebtimeF_dtTrue_deExp_2024-04-23 13-34-57,2021,probability_forecast,1,OT_96_96,custom,MS,OT,t,3,MinMaxScaler,0,0.8,,96,0,96,Monthly,False,0.25,0.25,2,4,5,6,321,321,321,24,2,1,1,2048,25,avg,1,True,0,timeF,gelu,False,0,moving_avg,1,0,1,,48,16,50,17,256,3,0.001,Exp,auto,type1,False,True,0,False,"0,1,2,3","[128, 128]",2,False,0,False,False,False,False,False,False,False,False,False,False,False,False,False,False,False,,40,2,20,99,2024-04-23 13-34-57
LSTM-AQ,electricity/electricity.csv,AA_attn_dhz_ap1_norm,0.0017551868,0.031998053,,,,0.0243141259998083,0.1104598119854927,0.0942587852478027,probability_forecast_OT_96_96_LSTM-AQ_custom_ftMS_sl96_ll0_pl96_dm40_nh2_el1_dl1_dmavg_ma25_df2048_fc1_ebtimeF_dtTrue_deExp_2024-04-23 13-53-01,2021,probability_forecast,1,OT_96_96,custom,MS,OT,t,3,MinMaxScaler,0,0.8,,96,0,96,Monthly,False,0.25,0.25,2,4,5,6,321,321,321,40,2,1,1,2048,25,avg,1,True,0,timeF,gelu,False,0,moving_avg,1,0,1,,48,16,50,19,256,3,0.001,Exp,auto,type1,False,True,0,False,"0,1,2,3","[128, 128]",2,False,0,False,False,False,False,False,False,False,False,False,False,False,False,False,False,False,,40,2,20,99,2024-04-23 13-53-01
LSTM-AQ,electricity/electricity.csv,AA_attn_dhz_ap1_norm,nan,nan,,,,nan,0.5,nan,probability_forecast_OT_96_96_LSTM-AQ_custom_ftMS_sl96_ll0_pl96_dm64_nh2_el1_dl1_dmavg_ma25_df2048_fc1_ebtimeF_dtTrue_deExp_2024-04-23 14-12-35,2021,probability_forecast,1,OT_96_96,custom,MS,OT,t,3,MinMaxScaler,0,0.8,,96,0,96,Monthly,False,0.25,0.25,2,4,5,6,321,321,321,64,2,1,1,2048,25,avg,1,True,0,timeF,gelu,False,0,moving_avg,1,0,1,,48,16,50,1,256,3,0.001,Exp,auto,type1,False,True,0,False,"0,1,2,3","[128, 128]",2,False,0,False,False,False,False,False,False,False,False,False,False,False,False,False,False,False,,40,2,20,99,2024-04-23 14-12-35
LSTM-AQ,electricity/electricity.csv,AA_attn_dhz_ap1_norm,0.0014583257,0.029485757,,,,0.021433126181364,0.1058609783649444,0.0839329585433006,probability_forecast_OT_96_96_LSTM-AQ_custom_ftMS_sl96_ll0_pl96_dm24_nh4_el1_dl1_dmavg_ma25_df2048_fc1_ebtimeF_dtTrue_deExp_2024-04-23 14-18-01,2021,probability_forecast,1,OT_96_96,custom,MS,OT,t,3,MinMaxScaler,0,0.8,,96,0,96,Monthly,False,0.25,0.25,2,4,5,6,321,321,321,24,4,1,1,2048,25,avg,1,True,0,timeF,gelu,False,0,moving_avg,1,0,1,,48,16,50,30,256,3,0.001,Exp,auto,type1,False,True,0,False,"0,1,2,3","[128, 128]",2,False,0,False,False,False,False,False,False,False,False,False,False,False,False,False,False,False,,40,2,20,99,2024-04-23 14-18-01
LSTM-AQ,electricity/electricity.csv,AA_attn_dhz_ap1_norm,0.0018877892,0.03317344,,,,0.0251511111855506,0.12260302901268,0.1014647409319877,probability_forecast_OT_96_96_LSTM-AQ_custom_ftMS_sl96_ll0_pl96_dm40_nh4_el1_dl1_dmavg_ma25_df2048_fc1_ebtimeF_dtTrue_deExp_2024-04-23 14-45-59,2021,probability_forecast,1,OT_96_96,custom,MS,OT,t,3,MinMaxScaler,0,0.8,,96,0,96,Monthly,False,0.25,0.25,2,4,5,6,321,321,321,40,4,1,1,2048,25,avg,1,True,0,timeF,gelu,False,0,moving_avg,1,0,1,,48,16,50,15,256,3,0.001,Exp,auto,type1,False,True,0,False,"0,1,2,3","[128, 128]",2,False,0,False,False,False,False,False,False,False,False,False,False,False,False,False,False,False,,40,2,20,99,2024-04-23 14-45-59
LSTM-AQ,electricity/electricity.csv,AA_attn_dhz_ap1_norm,0.0025891482,0.039518673,,,,0.0250932648777961,0.0624335035681724,0.108359158039093,probability_forecast_OT_96_96_LSTM-AQ_custom_ftMS_sl96_ll0_pl96_dm64_nh4_el1_dl1_dmavg_ma25_df2048_fc1_ebtimeF_dtTrue_deExp_2024-04-23 15-02-26,2021,probability_forecast,1,OT_96_96,custom,MS,OT,t,3,MinMaxScaler,0,0.8,,96,0,96,Monthly,False,0.25,0.25,2,4,5,6,321,321,321,64,4,1,1,2048,25,avg,1,True,0,timeF,gelu,False,0,moving_avg,1,0,1,,48,16,50,11,256,3,0.001,Exp,auto,type1,False,True,0,False,"0,1,2,3","[128, 128]",2,False,0,False,False,False,False,False,False,False,False,False,False,False,False,False,False,False,,40,2,20,99,2024-04-23 15-02-26
LSTM-AQ,electricity/electricity.csv,AA_attn_dhz_ap1_norm,0.0018036083,0.033472113,,,,0.0223153941333293,0.0754967406392097,0.0854177698493003,probability_forecast_OT_96_96_LSTM-AQ_custom_ftMS_sl96_ll0_pl96_dm24_nh8_el1_dl1_dmavg_ma25_df2048_fc1_ebtimeF_dtTrue_deExp_2024-04-23 15-15-46,2021,probability_forecast,1,OT_96_96,custom,MS,OT,t,3,MinMaxScaler,0,0.8,,96,0,96,Monthly,False,0.25,0.25,2,4,5,6,321,321,321,24,8,1,1,2048,25,avg,1,True,0,timeF,gelu,False,0,moving_avg,1,0,1,,48,16,50,29,256,3,0.001,Exp,auto,type1,False,True,0,False,"0,1,2,3","[128, 128]",2,False,0,False,False,False,False,False,False,False,False,False,False,False,False,False,False,False,,40,2,20,99,2024-04-23 15-15-46
LSTM-AQ,electricity/electricity.csv,AA_attn_dhz_ap1_norm,0.002166051,0.035878256,,,,0.0232871901243925,0.0692528411746025,0.1029955670237541,probability_forecast_OT_96_96_LSTM-AQ_custom_ftMS_sl96_ll0_pl96_dm40_nh8_el1_dl1_dmavg_ma25_df2048_fc1_ebtimeF_dtTrue_deExp_2024-04-23 15-42-45,2021,probability_forecast,1,OT_96_96,custom,MS,OT,t,3,MinMaxScaler,0,0.8,,96,0,96,Monthly,False,0.25,0.25,2,4,5,6,321,321,321,40,8,1,1,2048,25,avg,1,True,0,timeF,gelu,False,0,moving_avg,1,0,1,,48,16,50,11,256,3,0.001,Exp,auto,type1,False,True,0,False,"0,1,2,3","[128, 128]",2,False,0,False,False,False,False,False,False,False,False,False,False,False,False,False,False,False,,40,2,20,99,2024-04-23 15-42-45
LSTM-AQ,electricity/electricity.csv,AA_attn_dhz_ap1_norm,0.0019031913,0.033856332,,,,0.023443516343832,0.0901830941438674,0.1020520329475402,probability_forecast_OT_96_96_LSTM-AQ_custom_ftMS_sl96_ll0_pl96_dm64_nh8_el1_dl1_dmavg_ma25_df2048_fc1_ebtimeF_dtTrue_deExp_2024-04-23 15-55-41,2021,probability_forecast,1,OT_96_96,custom,MS,OT,t,3,MinMaxScaler,0,0.8,,96,0,96,Monthly,False,0.25,0.25,2,4,5,6,321,321,321,64,8,1,1,2048,25,avg,1,True,0,timeF,gelu,False,0,moving_avg,1,0,1,,48,16,50,14,256,3,0.001,Exp,auto,type1,False,True,0,False,"0,1,2,3","[128, 128]",2,False,0,False,False,False,False,False,False,False,False,False,False,False,False,False,False,False,,40,2,20,99,2024-04-23 15-55-41
LSTM-AQ,exchange_rate/exchange_rate.csv,AA_attn_dhz_ap1_norm,0.062785946,0.21217747,,,,0.1436236500740051,0.2832541167736053,0.3538684844970703,probability_forecast_OT_96_96_LSTM-AQ_custom_ftMS_sl96_ll0_pl96_dm24_nh1_el1_dl1_dmavg_ma25_df2048_fc1_ebtimeF_dtTrue_deExp_2024-04-24 17-03-00,2021,probability_forecast,1,OT_96_96,custom,MS,OT,t,3,MinMaxScaler,0,0.9,True,96,0,96,Monthly,False,0.25,0.25,2,4,5,6,8,8,8,24,1,1,1,2048,25,avg,1,True,0,timeF,gelu,False,0,moving_avg,1,0,1,,48,16,50,12,256,3,0.001,Exp,auto,type1,False,True,0,False,"0,1,2,3","[128, 128]",2,False,0,False,False,False,False,False,False,False,False,False,False,False,False,False,False,False,,40,1,20,99,2024-04-24 17-03-00
LSTM-AQ,exchange_rate/exchange_rate.csv,AA_attn_dhz_ap1_norm,0.1794277,0.38700756,,,,0.2751721143722534,0.404956042766571,0.7405599355697632,probability_forecast_OT_96_96_LSTM-AQ_custom_ftMS_sl96_ll0_pl96_dm40_nh1_el1_dl1_dmavg_ma25_df2048_fc1_ebtimeF_dtTrue_deExp_2024-04-24 17-06-36,2021,probability_forecast,1,OT_96_96,custom,MS,OT,t,3,MinMaxScaler,0,0.9,True,96,0,96,Monthly,False,0.25,0.25,2,4,5,6,8,8,8,40,1,1,1,2048,25,avg,1,True,0,timeF,gelu,False,0,moving_avg,1,0,1,,48,16,50,4,256,3,0.001,Exp,auto,type1,False,True,0,False,"0,1,2,3","[128, 128]",2,False,0,False,False,False,False,False,False,False,False,False,False,False,False,False,False,False,,40,1,20,99,2024-04-24 17-06-36
LSTM-AQ,exchange_rate/exchange_rate.csv,AA_attn_dhz_ap1_norm,0.06346706,0.22483441,,,,0.1394339650869369,0.37459397315979,0.3613368272781372,probability_forecast_OT_96_96_LSTM-AQ_custom_ftMS_sl96_ll0_pl96_dm64_nh1_el1_dl1_dmavg_ma25_df2048_fc1_ebtimeF_dtTrue_deExp_2024-04-24 17-08-37,2021,probability_forecast,1,OT_96_96,custom,MS,OT,t,3,MinMaxScaler,0,0.9,True,96,0,96,Monthly,False,0.25,0.25,2,4,5,6,8,8,8,64,1,1,1,2048,25,avg,1,True,0,timeF,gelu,False,0,moving_avg,1,0,1,,48,16,50,10,256,3,0.001,Exp,auto,type1,False,True,0,False,"0,1,2,3","[128, 128]",2,False,0,False,False,False,False,False,False,False,False,False,False,False,False,False,False,False,,40,1,20,99,2024-04-24 17-08-37
LSTM-AQ,exchange_rate/exchange_rate.csv,AA_attn_dhz_ap1_norm,0.19432655,0.40681845,,,,0.2879295945167541,0.4164623916149139,0.7291166186332703,probability_forecast_OT_96_96_LSTM-AQ_custom_ftMS_sl96_ll0_pl96_dm24_nh2_el1_dl1_dmavg_ma25_df2048_fc1_ebtimeF_dtTrue_deExp_2024-04-24 17-11-49,2021,probability_forecast,1,OT_96_96,custom,MS,OT,t,3,MinMaxScaler,0,0.9,True,96,0,96,Monthly,False,0.25,0.25,2,4,5,6,8,8,8,24,2,1,1,2048,25,avg,1,True,0,timeF,gelu,False,0,moving_avg,1,0,1,,48,16,50,3,256,3,0.001,Exp,auto,type1,False,True,0,False,"0,1,2,3","[128, 128]",2,False,0,False,False,False,False,False,False,False,False,False,False,False,False,False,False,False,,40,1,20,99,2024-04-24 17-11-49
LSTM-AQ,exchange_rate/exchange_rate.csv,AA_attn_dhz_ap1_norm,0.08858002,0.26572782,,,,0.1642985939979553,0.3538946807384491,0.5385676026344299,probability_forecast_OT_96_96_LSTM-AQ_custom_ftMS_sl96_ll0_pl96_dm40_nh2_el1_dl1_dmavg_ma25_df2048_fc1_ebtimeF_dtTrue_deExp_2024-04-24 17-13-28,2021,probability_forecast,1,OT_96_96,custom,MS,OT,t,3,MinMaxScaler,0,0.9,True,96,0,96,Monthly,False,0.25,0.25,2,4,5,6,8,8,8,40,2,1,1,2048,25,avg,1,True,0,timeF,gelu,False,0,moving_avg,1,0,1,,48,16,50,8,256,3,0.001,Exp,auto,type1,False,True,0,False,"0,1,2,3","[128, 128]",2,False,0,False,False,False,False,False,False,False,False,False,False,False,False,False,False,False,,40,1,20,99,2024-04-24 17-13-28
LSTM-AQ,exchange_rate/exchange_rate.csv,AA_attn_dhz_ap1_norm,0.012266637,0.10364054,,,,0.037199430167675,0.3440656960010528,0.2076201438903808,probability_forecast_OT_96_96_LSTM-AQ_custom_ftMS_sl96_ll0_pl96_dm64_nh2_el1_dl1_dmavg_ma25_df2048_fc1_ebtimeF_dtTrue_deExp_2024-04-24 17-16-19,2021,probability_forecast,1,OT_96_96,custom,MS,OT,t,3,MinMaxScaler,0,0.9,True,96,0,96,Monthly,False,0.25,0.25,2,4,5,6,8,8,8,64,2,1,1,2048,25,avg,1,True,0,timeF,gelu,False,0,moving_avg,1,0,1,,48,16,50,39,256,3,0.001,Exp,auto,type1,False,True,0,False,"0,1,2,3","[128, 128]",2,False,0,False,False,False,False,False,False,False,False,False,False,False,False,False,False,False,,40,1,20,99,2024-04-24 17-16-19
LSTM-AQ,exchange_rate/exchange_rate.csv,AA_attn_dhz_ap1_norm,0.110076204,0.30771434,,,,0.2018709629774093,0.438033252954483,0.5207533836364746,probability_forecast_OT_96_96_LSTM-AQ_custom_ftMS_sl96_ll0_pl96_dm24_nh4_el1_dl1_dmavg_ma25_df2048_fc1_ebtimeF_dtTrue_deExp_2024-04-24 17-25-23,2021,probability_forecast,1,OT_96_96,custom,MS,OT,t,3,MinMaxScaler,0,0.9,True,96,0,96,Monthly,False,0.25,0.25,2,4,5,6,8,8,8,24,4,1,1,2048,25,avg,1,True,0,timeF,gelu,False,0,moving_avg,1,0,1,,48,16,50,7,256,3,0.001,Exp,auto,type1,False,True,0,False,"0,1,2,3","[128, 128]",2,False,0,False,False,False,False,False,False,False,False,False,False,False,False,False,False,False,,40,1,20,99,2024-04-24 17-25-23
LSTM-AQ,exchange_rate/exchange_rate.csv,AA_attn_dhz_ap1_norm,0.12279022,0.31881493,,,,0.2299987524747848,0.4430844187736511,0.3951597213745117,probability_forecast_OT_96_96_LSTM-AQ_custom_ftMS_sl96_ll0_pl96_dm40_nh4_el1_dl1_dmavg_ma25_df2048_fc1_ebtimeF_dtTrue_deExp_2024-04-24 17-28-03,2021,probability_forecast,1,OT_96_96,custom,MS,OT,t,3,MinMaxScaler,0,0.9,True,96,0,96,Monthly,False,0.25,0.25,2,4,5,6,8,8,8,40,4,1,1,2048,25,avg,1,True,0,timeF,gelu,False,0,moving_avg,1,0,1,,48,16,50,8,256,3,0.001,Exp,auto,type1,False,True,0,False,"0,1,2,3","[128, 128]",2,False,0,False,False,False,False,False,False,False,False,False,False,False,False,False,False,False,,40,1,20,99,2024-04-24 17-28-03
LSTM-AQ,exchange_rate/exchange_rate.csv,AA_attn_dhz_ap1_norm,nan,nan,,,,nan,0.5,nan,probability_forecast_OT_96_96_LSTM-AQ_custom_ftMS_sl96_ll0_pl96_dm64_nh4_el1_dl1_dmavg_ma25_df2048_fc1_ebtimeF_dtTrue_deExp_2024-04-24 17-30-53,2021,probability_forecast,1,OT_96_96,custom,MS,OT,t,3,MinMaxScaler,0,0.9,True,96,0,96,Monthly,False,0.25,0.25,2,4,5,6,8,8,8,64,4,1,1,2048,25,avg,1,True,0,timeF,gelu,False,0,moving_avg,1,0,1,,48,16,50,1,256,3,0.001,Exp,auto,type1,False,True,0,False,"0,1,2,3","[128, 128]",2,False,0,False,False,False,False,False,False,False,False,False,False,False,False,False,False,False,,40,1,20,99,2024-04-24 17-30-53
LSTM-AQ,exchange_rate/exchange_rate.csv,AA_attn_dhz_ap1_norm,0.25065076,0.46988252,,,,0.3547629117965698,0.4556289911270141,0.7158877849578857,probability_forecast_OT_96_96_LSTM-AQ_custom_ftMS_sl96_ll0_pl96_dm24_nh8_el1_dl1_dmavg_ma25_df2048_fc1_ebtimeF_dtTrue_deExp_2024-04-24 17-32-13,2021,probability_forecast,1,OT_96_96,custom,MS,OT,t,3,MinMaxScaler,0,0.9,True,96,0,96,Monthly,False,0.25,0.25,2,4,5,6,8,8,8,24,8,1,1,2048,25,avg,1,True,0,timeF,gelu,False,0,moving_avg,1,0,1,,48,16,50,4,256,3,0.001,Exp,auto,type1,False,True,0,False,"0,1,2,3","[128, 128]",2,False,0,False,False,False,False,False,False,False,False,False,False,False,False,False,False,False,,40,1,20,99,2024-04-24 17-32-13
LSTM-AQ,exchange_rate/exchange_rate.csv,AA_attn_dhz_ap1_norm,nan,nan,,,,nan,0.5,nan,probability_forecast_OT_96_96_LSTM-AQ_custom_ftMS_sl96_ll0_pl96_dm40_nh8_el1_dl1_dmavg_ma25_df2048_fc1_ebtimeF_dtTrue_deExp_2024-04-24 17-34-16,2021,probability_forecast,1,OT_96_96,custom,MS,OT,t,3,MinMaxScaler,0,0.9,True,96,0,96,Monthly,False,0.25,0.25,2,4,5,6,8,8,8,40,8,1,1,2048,25,avg,1,True,0,timeF,gelu,False,0,moving_avg,1,0,1,,48,16,50,1,256,3,0.001,Exp,auto,type1,False,True,0,False,"0,1,2,3","[128, 128]",2,False,0,False,False,False,False,False,False,False,False,False,False,False,False,False,False,False,,40,1,20,99,2024-04-24 17-34-16
LSTM-AQ,exchange_rate/exchange_rate.csv,AA_attn_dhz_ap1_norm,0.07409552,0.23300847,,,,0.1432689726352691,0.2793392837047577,0.6013364791870117,probability_forecast_OT_96_96_LSTM-AQ_custom_ftMS_sl96_ll0_pl96_dm64_nh8_el1_dl1_dmavg_ma25_df2048_fc1_ebtimeF_dtTrue_deExp_2024-04-24 17-35-38,2021,probability_forecast,1,OT_96_96,custom,MS,OT,t,3,MinMaxScaler,0,0.9,True,96,0,96,Monthly,False,0.25,0.25,2,4,5,6,8,8,8,64,8,1,1,2048,25,avg,1,True,0,timeF,gelu,False,0,moving_avg,1,0,1,,48,16,50,7,256,3,0.001,Exp,auto,type1,False,True,0,False,"0,1,2,3","[128, 128]",2,False,0,False,False,False,False,False,False,False,False,False,False,False,False,False,False,False,,40,1,20,99,2024-04-24 17-35-38
LSTM-AQ,weather/weather.csv,AA_attn_dhz_ap1_norm,0.006147797,0.0783725,,,,0.0117275174707174,0.2072869390249252,0.1634135246276855,probability_forecast_OT_96_96_LSTM-AQ_custom_ftMS_sl96_ll0_pl96_dm24_nh1_el1_dl1_dmavg_ma25_df2048_fc1_ebtimeF_dtTrue_deExp_2024-04-24 17-38-18,2021,probability_forecast,1,OT_96_96,custom,MS,OT,t,3,MinMaxScaler,0,0.9,True,96,0,96,Monthly,False,0.25,0.25,2,4,5,6,21,21,21,24,1,1,1,2048,25,avg,1,True,0,timeF,gelu,False,0,moving_avg,1,0,1,,48,16,50,3,256,3,0.001,Exp,auto,type1,False,True,0,False,"0,1,2,3","[128, 128]",2,False,0,False,False,False,False,False,False,False,False,False,False,False,False,False,False,False,,40,1,20,99,2024-04-24 17-38-18
LSTM-AQ,weather/weather.csv,AA_attn_dhz_ap1_norm,0.0028097092,0.05299536,,,,0.0052755000069737,0.3108981549739837,0.0729550272226333,probability_forecast_OT_96_96_LSTM-AQ_custom_ftMS_sl96_ll0_pl96_dm40_nh1_el1_dl1_dmavg_ma25_df2048_fc1_ebtimeF_dtTrue_deExp_2024-04-24 17-51-37,2021,probability_forecast,1,OT_96_96,custom,MS,OT,t,3,MinMaxScaler,0,0.9,True,96,0,96,Monthly,False,0.25,0.25,2,4,5,6,21,21,21,40,1,1,1,2048,25,avg,1,True,0,timeF,gelu,False,0,moving_avg,1,0,1,,48,16,50,19,256,3,0.001,Exp,auto,type1,False,True,0,False,"0,1,2,3","[128, 128]",2,False,0,False,False,False,False,False,False,False,False,False,False,False,False,False,False,False,,40,1,20,99,2024-04-24 17-51-37
LSTM-AQ,weather/weather.csv,AA_attn_dhz_ap1_norm,0.0028464864,0.053341337,,,,0.0054195108823478,0.3734505474567413,0.0725690349936485,probability_forecast_OT_96_96_LSTM-AQ_custom_ftMS_sl96_ll0_pl96_dm64_nh1_el1_dl1_dmavg_ma25_df2048_fc1_ebtimeF_dtTrue_deExp_2024-04-24 18-27-45,2021,probability_forecast,1,OT_96_96,custom,MS,OT,t,3,MinMaxScaler,0,0.9,True,96,0,96,Monthly,False,0.25,0.25,2,4,5,6,21,21,21,64,1,1,1,2048,25,avg,1,True,0,timeF,gelu,False,0,moving_avg,1,0,1,,48,16,50,31,256,3,0.001,Exp,auto,type1,False,True,0,False,"0,1,2,3","[128, 128]",2,False,0,False,False,False,False,False,False,False,False,False,False,False,False,False,False,False,,40,1,20,99,2024-04-24 18-27-45
LSTM-AQ,weather/weather.csv,AA_attn_dhz_ap1_norm,0.0054635564,0.0738974,,,,0.0091887069866061,0.1226884797215461,0.1342801451683044,probability_forecast_OT_96_96_LSTM-AQ_custom_ftMS_sl96_ll0_pl96_dm24_nh2_el1_dl1_dmavg_ma25_df2048_fc1_ebtimeF_dtTrue_deExp_2024-04-24 21-04-14,2021,probability_forecast,1,OT_96_96,custom,MS,OT,t,3,MinMaxScaler,0,0.9,True,96,0,96,Monthly,False,0.25,0.25,2,4,5,6,21,21,21,24,2,1,1,2048,25,avg,1,True,0,timeF,gelu,False,0,moving_avg,1,0,1,,48,16,50,5,256,3,0.001,Exp,auto,type1,False,True,0,False,"0,1,2,3","[128, 128]",2,False,0,False,False,False,False,False,False,False,False,False,False,False,False,False,False,False,,40,1,20,99,2024-04-24 21-04-14
LSTM-AQ,weather/weather.csv,AA_attn_dhz_ap1_norm,nan,nan,,,,nan,0.5,nan,probability_forecast_OT_96_96_LSTM-AQ_custom_ftMS_sl96_ll0_pl96_dm40_nh2_el1_dl1_dmavg_ma25_df2048_fc1_ebtimeF_dtTrue_deExp_2024-04-24 21-19-52,2021,probability_forecast,1,OT_96_96,custom,MS,OT,t,3,MinMaxScaler,0,0.9,True,96,0,96,Monthly,False,0.25,0.25,2,4,5,6,21,21,21,40,2,1,1,2048,25,avg,1,True,0,timeF,gelu,False,0,moving_avg,1,0,1,,48,16,50,1,256,3,0.001,Exp,auto,type1,False,True,0,False,"0,1,2,3","[128, 128]",2,False,0,False,False,False,False,False,False,False,False,False,False,False,False,False,False,False,,40,1,20,99,2024-04-24 21-19-52
LSTM-AQ,weather/weather.csv,AA_attn_dhz_ap1_norm,0.005066914,0.071167216,,,,0.0084374146535992,0.1402692794799804,0.1257686465978622,probability_forecast_OT_96_96_LSTM-AQ_custom_ftMS_sl96_ll0_pl96_dm64_nh2_el1_dl1_dmavg_ma25_df2048_fc1_ebtimeF_dtTrue_deExp_2024-04-24 21-29-37,2021,probability_forecast,1,OT_96_96,custom,MS,OT,t,3,MinMaxScaler,0,0.9,True,96,0,96,Monthly,False,0.25,0.25,2,4,5,6,21,21,21,64,2,1,1,2048,25,avg,1,True,0,timeF,gelu,False,0,moving_avg,1,0,1,,48,16,50,5,256,3,0.001,Exp,auto,type1,False,True,0,False,"0,1,2,3","[128, 128]",2,False,0,False,False,False,False,False,False,False,False,False,False,False,False,False,False,False,,40,1,20,99,2024-04-24 21-29-37
LSTM-AQ,weather/weather.csv,AA_attn_dhz_ap1_norm,0.0032221854,0.056750678,,,,0.0062624490819871,0.4177369177341461,0.078642725944519,probability_forecast_OT_96_96_LSTM-AQ_custom_ftMS_sl96_ll0_pl96_dm24_nh4_el1_dl1_dmavg_ma25_df2048_fc1_ebtimeF_dtTrue_deExp_2024-04-24 21-45-19,2021,probability_forecast,1,OT_96_96,custom,MS,OT,t,3,MinMaxScaler,0,0.9,True,96,0,96,Monthly,False,0.25,0.25,2,4,5,6,21,21,21,24,4,1,1,2048,25,avg,1,True,0,timeF,gelu,False,0,moving_avg,1,0,1,,48,16,50,17,256,3,0.001,Exp,auto,type1,False,True,0,False,"0,1,2,3","[128, 128]",2,False,0,False,False,False,False,False,False,False,False,False,False,False,False,False,False,False,,40,1,20,99,2024-04-24 21-45-19
LSTM-AQ,weather/weather.csv,AA_attn_dhz_ap1_norm,0.0025079628,0.05006345,,,,0.004670419730246,0.1211999282240867,0.0672357231378555,probability_forecast_OT_96_96_LSTM-AQ_custom_ftMS_sl96_ll0_pl96_dm40_nh4_el1_dl1_dmavg_ma25_df2048_fc1_ebtimeF_dtTrue_deExp_2024-04-24 22-18-51,2021,probability_forecast,1,OT_96_96,custom,MS,OT,t,3,MinMaxScaler,0,0.9,True,96,0,96,Monthly,False,0.25,0.25,2,4,5,6,21,21,21,40,4,1,1,2048,25,avg,1,True,0,timeF,gelu,False,0,moving_avg,1,0,1,,48,16,50,19,256,3,0.001,Exp,auto,type1,False,True,0,False,"0,1,2,3","[128, 128]",2,False,0,False,False,False,False,False,False,False,False,False,False,False,False,False,False,False,,40,1,20,99,2024-04-24 22-18-51
LSTM-AQ,weather/weather.csv,AA_attn_dhz_ap1_norm,nan,nan,,,,nan,0.5,nan,probability_forecast_OT_96_96_LSTM-AQ_custom_ftMS_sl96_ll0_pl96_dm64_nh4_el1_dl1_dmavg_ma25_df2048_fc1_ebtimeF_dtTrue_deExp_2024-04-24 22-54-47,2021,probability_forecast,1,OT_96_96,custom,MS,OT,t,3,MinMaxScaler,0,0.9,True,96,0,96,Monthly,False,0.25,0.25,2,4,5,6,21,21,21,64,4,1,1,2048,25,avg,1,True,0,timeF,gelu,False,0,moving_avg,1,0,1,,48,16,50,1,256,3,0.001,Exp,auto,type1,False,True,0,False,"0,1,2,3","[128, 128]",2,False,0,False,False,False,False,False,False,False,False,False,False,False,False,False,False,False,,40,1,20,99,2024-04-24 22-54-47
LSTM-AQ,weather/weather.csv,AA_attn_dhz_ap1_norm,0.004449537,0.06667407,,,,0.0075702629983425,0.1307005286216735,0.1101381704211235,probability_forecast_OT_96_96_LSTM-AQ_custom_ftMS_sl96_ll0_pl96_dm24_nh8_el1_dl1_dmavg_ma25_df2048_fc1_ebtimeF_dtTrue_deExp_2024-04-24 23-04-33,2021,probability_forecast,1,OT_96_96,custom,MS,OT,t,3,MinMaxScaler,0,0.9,True,96,0,96,Monthly,False,0.25,0.25,2,4,5,6,21,21,21,24,8,1,1,2048,25,avg,1,True,0,timeF,gelu,False,0,moving_avg,1,0,1,,48,16,50,8,256,3,0.001,Exp,auto,type1,False,True,0,False,"0,1,2,3","[128, 128]",2,False,0,False,False,False,False,False,False,False,False,False,False,False,False,False,False,False,,40,1,20,99,2024-04-24 23-04-33
LSTM-AQ,weather/weather.csv,AA_attn_dhz_ap1_norm,0.002404618,0.049022786,,,,0.0050291754305362,0.4130081832408905,0.0608222186565399,probability_forecast_OT_96_96_LSTM-AQ_custom_ftMS_sl96_ll0_pl96_dm40_nh8_el1_dl1_dmavg_ma25_df2048_fc1_ebtimeF_dtTrue_deExp_2024-04-24 23-25-01,2021,probability_forecast,1,OT_96_96,custom,MS,OT,t,3,MinMaxScaler,0,0.9,True,96,0,96,Monthly,False,0.25,0.25,2,4,5,6,21,21,21,40,8,1,1,2048,25,avg,1,True,0,timeF,gelu,False,0,moving_avg,1,0,1,,48,16,50,21,256,3,0.001,Exp,auto,type1,False,True,0,False,"0,1,2,3","[128, 128]",2,False,0,False,False,False,False,False,False,False,False,False,False,False,False,False,False,False,,40,1,20,99,2024-04-24 23-25-01
LSTM-AQ,weather/weather.csv,AA_attn_dhz_ap1_norm,0.0026238246,0.051204734,,,,0.0049443454481661,0.2123544961214065,0.0696821510791778,probability_forecast_OT_96_96_LSTM-AQ_custom_ftMS_sl96_ll0_pl96_dm64_nh8_el1_dl1_dmavg_ma25_df2048_fc1_ebtimeF_dtTrue_deExp_2024-04-25 00-04-45,2021,probability_forecast,1,OT_96_96,custom,MS,OT,t,3,MinMaxScaler,0,0.9,True,96,0,96,Monthly,False,0.25,0.25,2,4,5,6,21,21,21,64,8,1,1,2048,25,avg,1,True,0,timeF,gelu,False,0,moving_avg,1,0,1,,48,16,50,18,256,3,0.001,Exp,auto,type1,False,True,0,False,"0,1,2,3","[128, 128]",2,False,0,False,False,False,False,False,False,False,False,False,False,False,False,False,False,False,,40,1,20,99,2024-04-25 00-04-45
LSTM-AQ,electricity/electricity.csv,AA_attn_dhz_ap1_norm,0.0018255234,0.03366805,,,,0.0216439049690961,0.0677318945527076,0.0869614109396934,probability_forecast_OT_96_96_LSTM-AQ_custom_ftMS_sl96_ll0_pl96_dm24_nh4_el1_dl1_dmavg_ma25_df2048_fc1_ebtimeF_dtTrue_deExp_2024-04-23 16-50-17,2021,probability_forecast,1,OT_96_96,custom,MS,OT,t,3,MinMaxScaler,0,0.8,,96,0,96,Monthly,False,0.25,0.25,2,4,5,6,321,321,321,24,4,1,1,2048,25,avg,1,True,0,timeF,gelu,False,0,moving_avg,1,0,1,,48,16,50,36,256,3,0.001,Exp,auto,type1,False,True,0,False,"0,1,2,3","[128, 128]",2,False,0,False,False,False,False,False,False,False,False,False,False,False,False,False,False,False,,24,1,20,99,2024-04-23 16-50-17
LSTM-AQ,electricity/electricity.csv,AA_attn_dhz_ap1_norm,0.0014690376,0.029600004,,,,0.0241265501827001,0.1433384865522384,0.1058119982481002,probability_forecast_OT_96_96_LSTM-AQ_custom_ftMS_sl96_ll0_pl96_dm24_nh4_el1_dl1_dmavg_ma25_df2048_fc1_ebtimeF_dtTrue_deExp_2024-04-23 17-22-46,2021,probability_forecast,1,OT_96_96,custom,MS,OT,t,3,MinMaxScaler,0,0.8,,96,0,96,Monthly,False,0.25,0.25,2,4,5,6,321,321,321,24,4,1,1,2048,25,avg,1,True,0,timeF,gelu,False,0,moving_avg,1,0,1,,48,16,50,18,256,3,0.001,Exp,auto,type1,False,True,0,False,"0,1,2,3","[128, 128]",2,False,0,False,False,False,False,False,False,False,False,False,False,False,False,False,False,False,,24,2,20,99,2024-04-23 17-22-46
LSTM-AQ,electricity/electricity.csv,AA_attn_dhz_ap1_norm,0.004451158,0.052713517,,,,0.0321475714445114,0.0633570551872253,0.2183404415845871,probability_forecast_OT_96_96_LSTM-AQ_custom_ftMS_sl96_ll0_pl96_dm24_nh4_el1_dl1_dmavg_ma25_df2048_fc1_ebtimeF_dtTrue_deExp_2024-04-23 17-41-50,2021,probability_forecast,1,OT_96_96,custom,MS,OT,t,3,MinMaxScaler,0,0.8,,96,0,96,Monthly,False,0.25,0.25,2,4,5,6,321,321,321,24,4,1,1,2048,25,avg,1,True,0,timeF,gelu,False,0,moving_avg,1,0,1,,48,16,50,3,256,3,0.001,Exp,auto,type1,False,True,0,False,"0,1,2,3","[128, 128]",2,False,0,False,False,False,False,False,False,False,False,False,False,False,False,False,False,False,,24,3,20,99,2024-04-23 17-41-50
LSTM-AQ,electricity/electricity.csv,AA_attn_dhz_ap1_norm,0.0014405494,0.029923946,,,,0.0205560009926557,0.0786053538322448,0.0810530632734298,probability_forecast_OT_96_96_LSTM-AQ_custom_ftMS_sl96_ll0_pl96_dm24_nh4_el1_dl1_dmavg_ma25_df2048_fc1_ebtimeF_dtTrue_deExp_2024-04-23 17-32-45,2021,probability_forecast,1,OT_96_96,custom,MS,OT,t,3,MinMaxScaler,0,0.8,,96,0,96,Monthly,False,0.25,0.25,2,4,5,6,321,321,321,24,4,1,1,2048,25,avg,1,True,0,timeF,gelu,False,0,moving_avg,1,0,1,,48,16,50,28,256,3,0.001,Exp,auto,type1,False,True,0,False,"0,1,2,3","[128, 128]",2,False,0,False,False,False,False,False,False,False,False,False,False,False,False,False,False,False,,40,1,20,99,2024-04-23 17-32-45
LSTM-AQ,electricity/electricity.csv,AA_attn_dhz_ap1_norm,nan,nan,,,,nan,0.5,nan,probability_forecast_OT_96_96_LSTM-AQ_custom_ftMS_sl96_ll0_pl96_dm24_nh4_el1_dl1_dmavg_ma25_df2048_fc1_ebtimeF_dtTrue_deExp_2024-04-23 17-23-37,2021,probability_forecast,1,OT_96_96,custom,MS,OT,t,3,MinMaxScaler,0,0.8,,96,0,96,Monthly,False,0.25,0.25,2,4,5,6,321,321,321,24,4,1,1,2048,25,avg,1,True,0,timeF,gelu,False,0,moving_avg,1,0,1,,48,16,50,1,256,3,0.001,Exp,auto,type1,False,True,0,False,"0,1,2,3","[128, 128]",2,False,0,False,False,False,False,False,False,False,False,False,False,False,False,False,False,False,,40,3,20,99,2024-04-23 17-23-37
LSTM-AQ,electricity/electricity.csv,AA_attn_dhz_ap1_norm,0.002017171,0.03449895,,,,0.0247694961726665,0.0983177796006202,0.0871689766645431,probability_forecast_OT_96_96_LSTM-AQ_custom_ftMS_sl96_ll0_pl96_dm24_nh4_el1_dl1_dmavg_ma25_df2048_fc1_ebtimeF_dtTrue_deExp_2024-04-23 16-50-26,2021,probability_forecast,1,OT_96_96,custom,MS,OT,t,3,MinMaxScaler,0,0.8,,96,0,96,Monthly,False,0.25,0.25,2,4,5,6,321,321,321,24,4,1,1,2048,25,avg,1,True,0,timeF,gelu,False,0,moving_avg,1,0,1,,48,16,50,19,256,3,0.001,Exp,auto,type1,False,True,0,False,"0,1,2,3","[128, 128]",2,False,0,False,False,False,False,False,False,False,False,False,False,False,False,False,False,False,,64,1,20,99,2024-04-23 16-50-26
LSTM-AQ,electricity/electricity.csv,AA_attn_dhz_ap1_norm,0.002131988,0.03678065,,,,0.0241016112267971,0.0666287615895271,0.1011455878615379,probability_forecast_OT_96_96_LSTM-AQ_custom_ftMS_sl96_ll0_pl96_dm24_nh4_el1_dl1_dmavg_ma25_df2048_fc1_ebtimeF_dtTrue_deExp_2024-04-23 16-19-21,2021,probability_forecast,1,OT_96_96,custom,MS,OT,t,3,MinMaxScaler,0,0.8,,96,0,96,Monthly,False,0.25,0.25,2,4,5,6,321,321,321,24,4,1,1,2048,25,avg,1,True,0,timeF,gelu,False,0,moving_avg,1,0,1,,48,16,50,13,256,3,0.001,Exp,auto,type1,False,True,0,False,"0,1,2,3","[128, 128]",2,False,0,False,False,False,False,False,False,False,False,False,False,False,False,False,False,False,,64,2,20,99,2024-04-23 16-19-21
LSTM-AQ,electricity/electricity.csv,AA_attn_dhz_ap1_norm,0.0034380185,0.04478682,,,,0.0309975408017635,0.0892536267638206,0.1843746155500412,probability_forecast_OT_96_96_LSTM-AQ_custom_ftMS_sl96_ll0_pl96_dm24_nh4_el1_dl1_dmavg_ma25_df2048_fc1_ebtimeF_dtTrue_deExp_2024-04-23 16-07-01,2021,probability_forecast,1,OT_96_96,custom,MS,OT,t,3,MinMaxScaler,0,0.8,,96,0,96,Monthly,False,0.25,0.25,2,4,5,6,321,321,321,24,4,1,1,2048,25,avg,1,True,0,timeF,gelu,False,0,moving_avg,1,0,1,,48,16,50,3,256,3,0.001,Exp,auto,type1,False,True,0,False,"0,1,2,3","[128, 128]",2,False,0,False,False,False,False,False,False,False,False,False,False,False,False,False,False,False,,64,3,20,99,2024-04-23 16-07-01
LSTM-AQ,weather/weather.csv,AA_attn_dhz_ap1_norm,0.0024479146,0.049464695,,,,0.0047526732087135315,0.2773492634296417,0.06531733274459839,probability_forecast_OT_96_96_LSTM-AQ_custom_ftMS_sl96_ll0_pl96_dm40_nh8_el1_dl1_dmavg_ma25_df2048_fc1_ebtimeF_dtTrue_deExp_2024-04-25 09-24-54,2021,probability_forecast,1,OT_96_96,custom,MS,OT,t,3,MinMaxScaler,0,0.9,True,96,0,96,Monthly,False,0.25,0.25,2,4,5,6,21,21,21,40,8,1,1,2048,25,avg,1,True,0,timeF,gelu,False,0,moving_avg,1,0,1,,48,16,50,27,256,3,0.001,Exp,auto,type1,False,True,0,False,"0,1,2,3","[128, 128]",2,False,0,False,False,False,False,False,False,False,False,False,False,False,False,False,False,False,,24,1,20,99,2024-04-25 09-24-54
LSTM-AQ,weather/weather.csv,AA_attn_dhz_ap1_norm,0.004313054,0.06565668,,,,0.00742513220757246,0.12087884545326233,0.10970421135425568,probability_forecast_OT_96_96_LSTM-AQ_custom_ftMS_sl96_ll0_pl96_dm40_nh8_el1_dl1_dmavg_ma25_df2048_fc1_ebtimeF_dtTrue_deExp_2024-04-25 10-34-50,2021,probability_forecast,1,OT_96_96,custom,MS,OT,t,3,MinMaxScaler,0,0.9,True,96,0,96,Monthly,False,0.25,0.25,2,4,5,6,21,21,21,40,8,1,1,2048,25,avg,1,True,0,timeF,gelu,False,0,moving_avg,1,0,1,,48,16,50,5,256,3,0.001,Exp,auto,type1,False,True,0,False,"0,1,2,3","[128, 128]",2,False,0,False,False,False,False,False,False,False,False,False,False,False,False,False,False,False,,24,2,20,99,2024-04-25 10-34-50
LSTM-AQ,weather/weather.csv,AA_attn_dhz_ap1_norm,0.0031131683,0.055783413,,,,0.005724766757339239,0.34481337666511536,0.07779131084680557,probability_forecast_OT_96_96_LSTM-AQ_custom_ftMS_sl96_ll0_pl96_dm40_nh8_el1_dl1_dmavg_ma25_df2048_fc1_ebtimeF_dtTrue_deExp_2024-04-25 10-59-15,2021,probability_forecast,1,OT_96_96,custom,MS,OT,t,3,MinMaxScaler,0,0.9,True,96,0,96,Monthly,False,0.25,0.25,2,4,5,6,21,21,21,40,8,1,1,2048,25,avg,1,True,0,timeF,gelu,False,0,moving_avg,1,0,1,,48,16,50,25,256,3,0.001,Exp,auto,type1,False,True,0,False,"0,1,2,3","[128, 128]",2,False,0,False,False,False,False,False,False,False,False,False,False,False,False,False,False,False,,24,3,20,99,2024-04-25 10-59-15
LSTM-AQ,weather/weather.csv,AA_attn_dhz_ap1_norm,0.0039081904,0.062502496,,,,0.006562394555658102,0.241031214594841,0.0953405350446701,probability_forecast_OT_96_96_LSTM-AQ_custom_ftMS_sl96_ll0_pl96_dm40_nh8_el1_dl1_dmavg_ma25_df2048_fc1_ebtimeF_dtTrue_deExp_2024-04-25 12-08-04,2021,probability_forecast,1,OT_96_96,custom,MS,OT,t,3,MinMaxScaler,0,0.9,True,96,0,96,Monthly,False,0.25,0.25,2,4,5,6,21,21,21,40,8,1,1,2048,25,avg,1,True,0,timeF,gelu,False,0,moving_avg,1,0,1,,48,16,50,15,256,3,0.001,Exp,auto,type1,False,True,0,False,"0,1,2,3","[128, 128]",2,False,0,False,False,False,False,False,False,False,False,False,False,False,False,False,False,False,,40,2,20,99,2024-04-25 12-08-04
LSTM-AQ,weather/weather.csv,AA_attn_dhz_ap1_norm,0.0021718992,0.04658934,,,,0.004181263968348503,0.189185231924057,0.05905621871352196,probability_forecast_OT_96_96_LSTM-AQ_custom_ftMS_sl96_ll0_pl96_dm40_nh8_el1_dl1_dmavg_ma25_df2048_fc1_ebtimeF_dtTrue_deExp_2024-04-25 10-55-15,2021,probability_forecast,1,OT_96_96,custom,MS,OT,t,3,MinMaxScaler,0,0.9,True,96,0,96,Monthly,False,0.25,0.25,2,4,5,6,21,21,21,40,8,1,1,2048,25,avg,1,True,0,timeF,gelu,False,0,moving_avg,1,0,1,,48,16,50,22,256,3,0.001,Exp,auto,type1,False,True,0,False,"0,1,2,3","[128, 128]",2,False,0,False,False,False,False,False,False,False,False,False,False,False,False,False,False,False,,40,3,20,99,2024-04-25 10-55-15
LSTM-AQ,weather/weather.csv,AA_attn_dhz_ap1_norm,0.004703283,0.06850844,,,,0.007975097745656967,0.13669835031032562,0.11701735109090805,probability_forecast_OT_96_96_LSTM-AQ_custom_ftMS_sl96_ll0_pl96_dm40_nh8_el1_dl1_dmavg_ma25_df2048_fc1_ebtimeF_dtTrue_deExp_2024-04-25 10-30-44,2021,probability_forecast,1,OT_96_96,custom,MS,OT,t,3,MinMaxScaler,0,0.9,True,96,0,96,Monthly,False,0.25,0.25,2,4,5,6,21,21,21,40,8,1,1,2048,25,avg,1,True,0,timeF,gelu,False,0,moving_avg,1,0,1,,48,16,50,4,256,3,0.001,Exp,auto,type1,False,True,0,False,"0,1,2,3","[128, 128]",2,False,0,False,False,False,False,False,False,False,False,False,False,False,False,False,False,False,,64,1,20,99,2024-04-25 10-30-44
LSTM-AQ,weather/weather.csv,AA_attn_dhz_ap1_norm,0.0050854706,0.07128359,,,,0.008837947621941566,0.16477227210998535,0.12908944487571716,probability_forecast_OT_96_96_LSTM-AQ_custom_ftMS_sl96_ll0_pl96_dm40_nh8_el1_dl1_dmavg_ma25_df2048_fc1_ebtimeF_dtTrue_deExp_2024-04-25 10-08-33,2021,probability_forecast,1,OT_96_96,custom,MS,OT,t,3,MinMaxScaler,0,0.9,True,96,0,96,Monthly,False,0.25,0.25,2,4,5,6,21,21,21,40,8,1,1,2048,25,avg,1,True,0,timeF,gelu,False,0,moving_avg,1,0,1,,48,16,50,4,256,3,0.001,Exp,auto,type1,False,True,0,False,"0,1,2,3","[128, 128]",2,False,0,False,False,False,False,False,False,False,False,False,False,False,False,False,False,False,,64,2,20,99,2024-04-25 10-08-33
LSTM-AQ,weather/weather.csv,AA_attn_dhz_ap1_norm,0.0065526655,0.08089025,,,,0.011222045868635178,0.16875925660133362,0.15770506858825684,probability_forecast_OT_96_96_LSTM-AQ_custom_ftMS_sl96_ll0_pl96_dm40_nh8_el1_dl1_dmavg_ma25_df2048_fc1_ebtimeF_dtTrue_deExp_2024-04-25 09-47-01,2021,probability_forecast,1,OT_96_96,custom,MS,OT,t,3,MinMaxScaler,0,0.9,True,96,0,96,Monthly,False,0.25,0.25,2,4,5,6,21,21,21,40,8,1,1,2048,25,avg,1,True,0,timeF,gelu,False,0,moving_avg,1,0,1,,48,16,50,3,256,3,0.001,Exp,auto,type1,False,True,0,False,"0,1,2,3","[128, 128]",2,False,0,False,False,False,False,False,False,False,False,False,False,False,False,False,False,False,,64,3,20,99,2024-04-25 09-47-01
LSTM-AQ,exchange_rate/exchange_rate.csv,AA_attn_dhz_ap1_norm,0.05441071,0.21033551,,,,0.11636272072792053,0.3674685060977936,0.43497198820114136,probability_forecast_OT_96_96_LSTM-AQ_custom_ftMS_sl96_ll0_pl96_dm64_nh2_el1_dl1_dmavg_ma25_df2048_fc1_ebtimeF_dtTrue_deExp_2024-04-25 09-23-04,2021,probability_forecast,1,OT_96_96,custom,MS,OT,t,3,MinMaxScaler,0,0.9,True,96,0,96,Monthly,False,0.25,0.25,2,4,5,6,8,8,8,64,2,1,1,2048,25,avg,1,True,0,timeF,gelu,False,0,moving_avg,1,0,1,,48,16,50,10,256,3,0.001,Exp,auto,type1,False,True,0,False,"0,1,2,3","[128, 128]",2,False,0,False,False,False,False,False,False,False,False,False,False,False,False,False,False,False,,24,1,20,99,2024-04-25 09-23-04
LSTM-AQ,exchange_rate/exchange_rate.csv,AA_attn_dhz_ap1_norm,0.021883188,0.13496265,,,,0.06376245617866516,0.40552911162376404,0.20857743918895721,probability_forecast_OT_96_96_LSTM-AQ_custom_ftMS_sl96_ll0_pl96_dm64_nh2_el1_dl1_dmavg_ma25_df2048_fc1_ebtimeF_dtTrue_deExp_2024-04-25 09-28-04,2021,probability_forecast,1,OT_96_96,custom,MS,OT,t,3,MinMaxScaler,0,0.9,True,96,0,96,Monthly,False,0.25,0.25,2,4,5,6,8,8,8,64,2,1,1,2048,25,avg,1,True,0,timeF,gelu,False,0,moving_avg,1,0,1,,48,16,50,44,256,3,0.001,Exp,auto,type1,False,True,0,False,"0,1,2,3","[128, 128]",2,False,0,False,False,False,False,False,False,False,False,False,False,False,False,False,False,False,,24,2,20,99,2024-04-25 09-28-04
LSTM-AQ,exchange_rate/exchange_rate.csv,AA_attn_dhz_ap1_norm,0.020893166,0.12286316,,,,0.060749467462301254,0.2427331656217575,0.2295818328857422,probability_forecast_OT_96_96_LSTM-AQ_custom_ftMS_sl96_ll0_pl96_dm64_nh2_el1_dl1_dmavg_ma25_df2048_fc1_ebtimeF_dtTrue_deExp_2024-04-25 09-43-37,2021,probability_forecast,1,OT_96_96,custom,MS,OT,t,3,MinMaxScaler,0,0.9,True,96,0,96,Monthly,False,0.25,0.25,2,4,5,6,8,8,8,64,2,1,1,2048,25,avg,1,True,0,timeF,gelu,False,0,moving_avg,1,0,1,,48,16,50,26,256,3,0.001,Exp,auto,type1,False,True,0,False,"0,1,2,3","[128, 128]",2,False,0,False,False,False,False,False,False,False,False,False,False,False,False,False,False,False,,24,3,20,99,2024-04-25 09-43-37
LSTM-AQ,exchange_rate/exchange_rate.csv,AA_attn_dhz_ap1_norm,0.053021338,0.20107958,,,,0.12040724605321884,0.337687611579895,0.3437672555446625,probability_forecast_OT_96_96_LSTM-AQ_custom_ftMS_sl96_ll0_pl96_dm64_nh2_el1_dl1_dmavg_ma25_df2048_fc1_ebtimeF_dtTrue_deExp_2024-04-25 09-53-40,2021,probability_forecast,1,OT_96_96,custom,MS,OT,t,3,MinMaxScaler,0,0.9,True,96,0,96,Monthly,False,0.25,0.25,2,4,5,6,8,8,8,64,2,1,1,2048,25,avg,1,True,0,timeF,gelu,False,0,moving_avg,1,0,1,,48,16,50,10,256,3,0.001,Exp,auto,type1,False,True,0,False,"0,1,2,3","[128, 128]",2,False,0,False,False,False,False,False,False,False,False,False,False,False,False,False,False,False,,40,2,20,99,2024-04-25 09-53-40
LSTM-AQ,exchange_rate/exchange_rate.csv,AA_attn_dhz_ap1_norm,0.01525208,0.10623748,,,,0.04678045213222504,0.2308499664068222,0.19972631335258484,probability_forecast_OT_96_96_LSTM-AQ_custom_ftMS_sl96_ll0_pl96_dm64_nh2_el1_dl1_dmavg_ma25_df2048_fc1_ebtimeF_dtTrue_deExp_2024-04-25 09-59-03,2021,probability_forecast,1,OT_96_96,custom,MS,OT,t,3,MinMaxScaler,0,0.9,True,96,0,96,Monthly,False,0.25,0.25,2,4,5,6,8,8,8,64,2,1,1,2048,25,avg,1,True,0,timeF,gelu,False,0,moving_avg,1,0,1,,48,16,50,29,256,3,0.001,Exp,auto,type1,False,True,0,False,"0,1,2,3","[128, 128]",2,False,0,False,False,False,False,False,False,False,False,False,False,False,False,False,False,False,,40,3,20,99,2024-04-25 09-59-03
LSTM-AQ,exchange_rate/exchange_rate.csv,AA_attn_dhz_ap1_norm,0.044794753,0.19825797,,,,0.11626331508159637,0.47719213366508484,0.2868509888648987,probability_forecast_OT_96_96_LSTM-AQ_custom_ftMS_sl96_ll0_pl96_dm64_nh2_el1_dl1_dmavg_ma25_df2048_fc1_ebtimeF_dtTrue_deExp_2024-04-25 10-10-16,2021,probability_forecast,1,OT_96_96,custom,MS,OT,t,3,MinMaxScaler,0,0.9,True,96,0,96,Monthly,False,0.25,0.25,2,4,5,6,8,8,8,64,2,1,1,2048,25,avg,1,True,0,timeF,gelu,False,0,moving_avg,1,0,1,,48,16,50,12,256,3,0.001,Exp,auto,type1,False,True,0,False,"0,1,2,3","[128, 128]",2,False,0,False,False,False,False,False,False,False,False,False,False,False,False,False,False,False,,64,1,20,99,2024-04-25 10-10-16
LSTM-AQ,exchange_rate/exchange_rate.csv,AA_attn_dhz_ap1_norm,0.03070388,0.15208079,,,,0.07954014837741852,0.2889978587627411,0.2830117344856262,probability_forecast_OT_96_96_LSTM-AQ_custom_ftMS_sl96_ll0_pl96_dm64_nh2_el1_dl1_dmavg_ma25_df2048_fc1_ebtimeF_dtTrue_deExp_2024-04-25 10-15-53,2021,probability_forecast,1,OT_96_96,custom,MS,OT,t,3,MinMaxScaler,0,0.9,True,96,0,96,Monthly,False,0.25,0.25,2,4,5,6,8,8,8,64,2,1,1,2048,25,avg,1,True,0,timeF,gelu,False,0,moving_avg,1,0,1,,48,16,50,15,256,3,0.001,Exp,auto,type1,False,True,0,False,"0,1,2,3","[128, 128]",2,False,0,False,False,False,False,False,False,False,False,False,False,False,False,False,False,False,,64,2,20,99,2024-04-25 10-15-53
LSTM-AQ,exchange_rate/exchange_rate.csv,AA_attn_dhz_ap1_norm,0.030169012,0.14906524,,,,0.08037150651216507,0.3043050169944763,0.24456244707107544,probability_forecast_OT_96_96_LSTM-AQ_custom_ftMS_sl96_ll0_pl96_dm64_nh2_el1_dl1_dmavg_ma25_df2048_fc1_ebtimeF_dtTrue_deExp_2024-04-25 10-22-29,2021,probability_forecast,1,OT_96_96,custom,MS,OT,t,3,MinMaxScaler,0,0.9,True,96,0,96,Monthly,False,0.25,0.25,2,4,5,6,8,8,8,64,2,1,1,2048,25,avg,1,True,0,timeF,gelu,False,0,moving_avg,1,0,1,,48,16,50,16,256,3,0.001,Exp,auto,type1,False,True,0,False,"0,1,2,3","[128, 128]",2,False,0,False,False,False,False,False,False,False,False,False,False,False,False,False,False,False,,64,3,20,99,2024-04-25 10-22-29
LSTM-AQ,traffic/traffic.csv,AA_attn_dhz_ap1_norm,0.0045911837,0.04467719,,,,0.03117470256984234,0.3009568750858307,0.048636890947818756,probability_forecast_OT_96_96_LSTM-AQ_custom_ftMS_sl96_ll0_pl96_dm24_nh1_el1_dl1_dmavg_ma25_df2048_fc1_ebtimeF_dtTrue_deExp_2024-06-01 20-16-57,2021,probability_forecast,1,OT_96_96,custom,MS,OT,t,3,MinMaxScaler,0,0.9,True,96,0,96,Monthly,False,0.25,0.25,2,4,5,6,862,862,862,24,1,1,1,2048,25,avg,1,True,0,timeF,gelu,False,0,moving_avg,1,0,1,,48,12,50,16,256,3,0.001,Exp,auto,type1,False,True,0,False,"0,1,2,3","[128, 128]",2,False,0,False,False,False,False,False,False,False,False,False,False,False,False,False,False,False,,40,1,20,99,2024-06-01 20-16-57
LSTM-AQ,traffic/traffic.csv,AA_attn_dhz_ap1_norm,0.0043045976,0.042101346,,,,0.029389411211013794,0.26727795600891113,0.048756860196590424,probability_forecast_OT_96_96_LSTM-AQ_custom_ftMS_sl96_ll0_pl96_dm40_nh1_el1_dl1_dmavg_ma25_df2048_fc1_ebtimeF_dtTrue_deExp_2024-06-01 23-07-39,2021,probability_forecast,1,OT_96_96,custom,MS,OT,t,3,MinMaxScaler,0,0.9,True,96,0,96,Monthly,False,0.25,0.25,2,4,5,6,862,862,862,40,1,1,1,2048,25,avg,1,True,0,timeF,gelu,False,0,moving_avg,1,0,1,,48,12,50,15,256,3,0.001,Exp,auto,type1,False,True,0,False,"0,1,2,3","[128, 128]",2,False,0,False,False,False,False,False,False,False,False,False,False,False,False,False,False,False,,40,1,20,99,2024-06-01 23-07-39
LSTM-AQ,traffic/traffic.csv,AA_attn_dhz_ap1_norm,0.0049767327,0.046340823,,,,0.03238054737448692,0.2678512930870056,0.05486104637384415,probability_forecast_OT_96_96_LSTM-AQ_custom_ftMS_sl96_ll0_pl96_dm64_nh1_el1_dl1_dmavg_ma25_df2048_fc1_ebtimeF_dtTrue_deExp_2024-06-01 23-25-23,2021,probability_forecast,1,OT_96_96,custom,MS,OT,t,3,MinMaxScaler,0,0.9,True,96,0,96,Monthly,False,0.25,0.25,2,4,5,6,862,862,862,64,1,1,1,2048,25,avg,1,True,0,timeF,gelu,False,0,moving_avg,1,0,1,,48,12,50,10,256,3,0.001,Exp,auto,type1,False,True,0,False,"0,1,2,3","[128, 128]",2,False,0,False,False,False,False,False,False,False,False,False,False,False,False,False,False,False,,40,1,20,99,2024-06-01 23-25-23
LSTM-AQ,traffic/traffic.csv,AA_attn_dhz_ap1_norm,0.00525421,0.04930506,,,,0.034231025725603104,0.21534226834774017,0.05513352155685425,probability_forecast_OT_96_96_LSTM-AQ_custom_ftMS_sl96_ll0_pl96_dm24_nh2_el1_dl1_dmavg_ma25_df2048_fc1_ebtimeF_dtTrue_deExp_2024-06-01 23-37-28,2021,probability_forecast,1,OT_96_96,custom,MS,OT,t,3,MinMaxScaler,0,0.9,True,96,0,96,Monthly,False,0.25,0.25,2,4,5,6,862,862,862,24,2,1,1,2048,25,avg,1,True,0,timeF,gelu,False,0,moving_avg,1,0,1,,48,12,50,13,256,3,0.001,Exp,auto,type1,False,True,0,False,"0,1,2,3","[128, 128]",2,False,0,False,False,False,False,False,False,False,False,False,False,False,False,False,False,False,,40,1,20,99,2024-06-01 23-37-28
LSTM-AQ,traffic/traffic.csv,AA_attn_dhz_ap1_norm,0.0072413455,0.06029852,,,,0.039349742233753204,0.19480156898498535,0.1308145374059677,probability_forecast_OT_96_96_LSTM-AQ_custom_ftMS_sl96_ll0_pl96_dm40_nh2_el1_dl1_dmavg_ma25_df2048_fc1_ebtimeF_dtTrue_deExp_2024-06-01 23-51-06,2021,probability_forecast,1,OT_96_96,custom,MS,OT,t,3,MinMaxScaler,0,0.9,True,96,0,96,Monthly,False,0.25,0.25,2,4,5,6,862,862,862,40,2,1,1,2048,25,avg,1,True,0,timeF,gelu,False,0,moving_avg,1,0,1,,48,12,50,4,256,3,0.001,Exp,auto,type1,False,True,0,False,"0,1,2,3","[128, 128]",2,False,0,False,False,False,False,False,False,False,False,False,False,False,False,False,False,False,,40,1,20,99,2024-06-01 23-51-06
LSTM-AQ,traffic/traffic.csv,AA_attn_dhz_ap1_norm,0.006916039,0.05853453,,,,0.04250536113977432,0.17094963788986206,0.06806780397891998,probability_forecast_OT_96_96_LSTM-AQ_custom_ftMS_sl96_ll0_pl96_dm64_nh2_el1_dl1_dmavg_ma25_df2048_fc1_ebtimeF_dtTrue_deExp_2024-06-01 23-57-58,2021,probability_forecast,1,OT_96_96,custom,MS,OT,t,3,MinMaxScaler,0,0.9,True,96,0,96,Monthly,False,0.25,0.25,2,4,5,6,862,862,862,64,2,1,1,2048,25,avg,1,True,0,timeF,gelu,False,0,moving_avg,1,0,1,,48,12,50,7,256,3,0.001,Exp,auto,type1,False,True,0,False,"0,1,2,3","[128, 128]",2,False,0,False,False,False,False,False,False,False,False,False,False,False,False,False,False,False,,40,1,20,99,2024-06-01 23-57-58
LSTM-AQ,traffic/traffic.csv,AA_attn_dhz_ap1_norm,nan,nan,,,,nan,0.5,nan,probability_forecast_OT_96_96_LSTM-AQ_custom_ftMS_sl96_ll0_pl96_dm24_nh4_el1_dl1_dmavg_ma25_df2048_fc1_ebtimeF_dtTrue_deExp_2024-06-02 00-06-54,2021,probability_forecast,1,OT_96_96,custom,MS,OT,t,3,MinMaxScaler,0,0.9,True,96,0,96,Monthly,False,0.25,0.25,2,4,5,6,862,862,862,24,4,1,1,2048,25,avg,1,True,0,timeF,gelu,False,0,moving_avg,1,0,1,,48,12,50,1,256,3,0.001,Exp,auto,type1,False,True,0,False,"0,1,2,3","[128, 128]",2,False,0,False,False,False,False,False,False,False,False,False,False,False,False,False,False,False,,40,1,20,99,2024-06-02 00-06-54
LSTM-AQ,traffic/traffic.csv,AA_attn_dhz_ap1_norm,0.024872662,0.13502267,,,,0.09270015358924866,0.09452202171087265,0.37214165925979614,probability_forecast_OT_96_96_LSTM-AQ_custom_ftMS_sl96_ll0_pl96_dm40_nh4_el1_dl1_dmavg_ma25_df2048_fc1_ebtimeF_dtTrue_deExp_2024-06-02 00-12-07,2021,probability_forecast,1,OT_96_96,custom,MS,OT,t,3,MinMaxScaler,0,0.9,True,96,0,96,Monthly,False,0.25,0.25,2,4,5,6,862,862,862,40,4,1,1,2048,25,avg,1,True,0,timeF,gelu,False,0,moving_avg,1,0,1,,48,12,50,2,256,3,0.001,Exp,auto,type1,False,True,0,False,"0,1,2,3","[128, 128]",2,False,0,False,False,False,False,False,False,False,False,False,False,False,False,False,False,False,,40,1,20,99,2024-06-02 00-12-07
LSTM-AQ,traffic/traffic.csv,AA_attn_dhz_ap1_norm,0.005084623,0.04792205,,,,0.034799642860889435,0.33139359951019287,0.046078264713287354,probability_forecast_OT_96_96_LSTM-AQ_custom_ftMS_sl96_ll0_pl96_dm64_nh4_el1_dl1_dmavg_ma25_df2048_fc1_ebtimeF_dtTrue_deExp_2024-06-02 00-17-51,2021,probability_forecast,1,OT_96_96,custom,MS,OT,t,3,MinMaxScaler,0,0.9,True,96,0,96,Monthly,False,0.25,0.25,2,4,5,6,862,862,862,64,4,1,1,2048,25,avg,1,True,0,timeF,gelu,False,0,moving_avg,1,0,1,,48,12,50,10,256,3,0.001,Exp,auto,type1,False,True,0,False,"0,1,2,3","[128, 128]",2,False,0,False,False,False,False,False,False,False,False,False,False,False,False,False,False,False,,40,1,20,99,2024-06-02 00-17-51
LSTM-AQ,traffic/traffic.csv,AA_attn_dhz_ap1_norm,0.004458535,0.04250368,,,,0.029462601989507675,0.26477107405662537,0.04737640544772148,probability_forecast_OT_96_96_LSTM-AQ_custom_ftMS_sl96_ll0_pl96_dm24_nh8_el1_dl1_dmavg_ma25_df2048_fc1_ebtimeF_dtTrue_deExp_2024-06-02 00-31-48,2021,probability_forecast,1,OT_96_96,custom,MS,OT,t,3,MinMaxScaler,0,0.9,True,96,0,96,Monthly,False,0.25,0.25,2,4,5,6,862,862,862,24,8,1,1,2048,25,avg,1,True,0,timeF,gelu,False,0,moving_avg,1,0,1,,48,12,50,16,256,3,0.001,Exp,auto,type1,False,True,0,False,"0,1,2,3","[128, 128]",2,False,0,False,False,False,False,False,False,False,False,False,False,False,False,False,False,False,,40,1,20,99,2024-06-02 00-31-48
LSTM-AQ,traffic/traffic.csv,AA_attn_dhz_ap1_norm,0.0052893907,0.047838546,,,,0.03392408415675163,0.2748928666114807,0.04598715156316757,probability_forecast_OT_96_96_LSTM-AQ_custom_ftMS_sl96_ll0_pl96_dm40_nh8_el1_dl1_dmavg_ma25_df2048_fc1_ebtimeF_dtTrue_deExp_2024-06-02 00-48-20,2021,probability_forecast,1,OT_96_96,custom,MS,OT,t,3,MinMaxScaler,0,0.9,True,96,0,96,Monthly,False,0.25,0.25,2,4,5,6,862,862,862,40,8,1,1,2048,25,avg,1,True,0,timeF,gelu,False,0,moving_avg,1,0,1,,48,12,50,18,256,3,0.001,Exp,auto,type1,False,True,0,False,"0,1,2,3","[128, 128]",2,False,0,False,False,False,False,False,False,False,False,False,False,False,False,False,False,False,,40,1,20,99,2024-06-02 00-48-20
LSTM-AQ,traffic/traffic.csv,AA_attn_dhz_ap1_norm,0.0039910935,0.038140614,,,,0.027815774083137512,0.209148570895195,0.04053092747926712,probability_forecast_OT_96_96_LSTM-AQ_custom_ftMS_sl96_ll0_pl96_dm64_nh8_el1_dl1_dmavg_ma25_df2048_fc1_ebtimeF_dtTrue_deExp_2024-06-02 01-05-45,2021,probability_forecast,1,OT_96_96,custom,MS,OT,t,3,MinMaxScaler,0,0.9,True,96,0,96,Monthly,False,0.25,0.25,2,4,5,6,862,862,862,64,8,1,1,2048,25,avg,1,True,0,timeF,gelu,False,0,moving_avg,1,0,1,,48,12,50,19,256,3,0.001,Exp,auto,type1,False,True,0,False,"0,1,2,3","[128, 128]",2,False,0,False,False,False,False,False,False,False,False,False,False,False,False,False,False,False,,40,1,20,99,2024-06-02 01-05-45
LSTM-AQ,traffic/traffic.csv,AA_attn_dhz_ap1_norm,0.005551422,0.04887849,,,,0.03443920612335205,0.2185131162405014,0.055850159376859665,probability_forecast_OT_96_96_LSTM-AQ_custom_ftMS_sl96_ll0_pl96_dm64_nh8_el1_dl1_dmavg_ma25_df2048_fc1_ebtimeF_dtTrue_deExp_2024-06-02 01-27-54,2021,probability_forecast,1,OT_96_96,custom,MS,OT,t,3,MinMaxScaler,0,0.9,True,96,0,96,Monthly,False,0.25,0.25,2,4,5,6,862,862,862,64,8,1,1,2048,25,avg,1,True,0,timeF,gelu,False,0,moving_avg,1,0,1,,48,12,50,12,256,3,0.001,Exp,auto,type1,False,True,0,False,"0,1,2,3","[128, 128]",2,False,0,False,False,False,False,False,False,False,False,False,False,False,False,False,False,False,,24,1,20,99,2024-06-02 01-27-54
LSTM-AQ,traffic/traffic.csv,AA_attn_dhz_ap1_norm,0.004976246,0.04627903,,,,0.03012075275182724,0.2383837252855301,0.06662644445896149,probability_forecast_OT_96_96_LSTM-AQ_custom_ftMS_sl96_ll0_pl96_dm64_nh8_el1_dl1_dmavg_ma25_df2048_fc1_ebtimeF_dtTrue_deExp_2024-06-02 01-41-14,2021,probability_forecast,1,OT_96_96,custom,MS,OT,t,3,MinMaxScaler,0,0.9,True,96,0,96,Monthly,False,0.25,0.25,2,4,5,6,862,862,862,64,8,1,1,2048,25,avg,1,True,0,timeF,gelu,False,0,moving_avg,1,0,1,,48,12,50,14,256,3,0.001,Exp,auto,type1,False,True,0,False,"0,1,2,3","[128, 128]",2,False,0,False,False,False,False,False,False,False,False,False,False,False,False,False,False,False,,24,2,20,99,2024-06-02 01-41-14
LSTM-AQ,traffic/traffic.csv,AA_attn_dhz_ap1_norm,0.004604958,0.043417893,,,,0.030009150505065918,0.2638855278491974,0.0530310720205307,probability_forecast_OT_96_96_LSTM-AQ_custom_ftMS_sl96_ll0_pl96_dm64_nh8_el1_dl1_dmavg_ma25_df2048_fc1_ebtimeF_dtTrue_deExp_2024-06-02 01-55-50,2021,probability_forecast,1,OT_96_96,custom,MS,OT,t,3,MinMaxScaler,0,0.9,True,96,0,96,Monthly,False,0.25,0.25,2,4,5,6,862,862,862,64,8,1,1,2048,25,avg,1,True,0,timeF,gelu,False,0,moving_avg,1,0,1,,48,12,50,15,256,3,0.001,Exp,auto,type1,False,True,0,False,"0,1,2,3","[128, 128]",2,False,0,False,False,False,False,False,False,False,False,False,False,False,False,False,False,False,,24,3,20,99,2024-06-02 01-55-50
LSTM-AQ,traffic/traffic.csv,AA_attn_dhz_ap1_norm,0.024251241,0.13346153,,,,0.09165256470441818,0.09237013757228851,0.3748590350151062,probability_forecast_OT_96_96_LSTM-AQ_custom_ftMS_sl96_ll0_pl96_dm64_nh8_el1_dl1_dmavg_ma25_df2048_fc1_ebtimeF_dtTrue_deExp_2024-06-02 02-11-22,2021,probability_forecast,1,OT_96_96,custom,MS,OT,t,3,MinMaxScaler,0,0.9,True,96,0,96,Monthly,False,0.25,0.25,2,4,5,6,862,862,862,64,8,1,1,2048,25,avg,1,True,0,timeF,gelu,False,0,moving_avg,1,0,1,,48,12,50,2,256,3,0.001,Exp,auto,type1,False,True,0,False,"0,1,2,3","[128, 128]",2,False,0,False,False,False,False,False,False,False,False,False,False,False,False,False,False,False,,40,2,20,99,2024-06-02 02-11-22
LSTM-AQ,traffic/traffic.csv,AA_attn_dhz_ap1_norm,0.00449822,0.04297205,,,,0.031350478529930115,0.26629891991615295,0.04495231434702873,probability_forecast_OT_96_96_LSTM-AQ_custom_ftMS_sl96_ll0_pl96_dm64_nh8_el1_dl1_dmavg_ma25_df2048_fc1_ebtimeF_dtTrue_deExp_2024-06-02 02-16-36,2021,probability_forecast,1,OT_96_96,custom,MS,OT,t,3,MinMaxScaler,0,0.9,True,96,0,96,Monthly,False,0.25,0.25,2,4,5,6,862,862,862,64,8,1,1,2048,25,avg,1,True,0,timeF,gelu,False,0,moving_avg,1,0,1,,48,12,50,14,256,3,0.001,Exp,auto,type1,False,True,0,False,"0,1,2,3","[128, 128]",2,False,0,False,False,False,False,False,False,False,False,False,False,False,False,False,False,False,,40,3,20,99,2024-06-02 02-16-36
LSTM-AQ,traffic/traffic.csv,AA_attn_dhz_ap1_norm,0.0047191465,0.04379562,,,,0.031243253499269485,0.1810251623392105,0.053740352392196655,probability_forecast_OT_96_96_LSTM-AQ_custom_ftMS_sl96_ll0_pl96_dm64_nh8_el1_dl1_dmavg_ma25_df2048_fc1_ebtimeF_dtTrue_deExp_2024-06-02 02-31-41,2021,probability_forecast,1,OT_96_96,custom,MS,OT,t,3,MinMaxScaler,0,0.9,True,96,0,96,Monthly,False,0.25,0.25,2,4,5,6,862,862,862,64,8,1,1,2048,25,avg,1,True,0,timeF,gelu,False,0,moving_avg,1,0,1,,48,12,50,10,256,3,0.001,Exp,auto,type1,False,True,0,False,"0,1,2,3","[128, 128]",2,False,0,False,False,False,False,False,False,False,False,False,False,False,False,False,False,False,,64,1,20,99,2024-06-02 02-31-41
LSTM-AQ,traffic/traffic.csv,AA_attn_dhz_ap1_norm,0.0043636784,0.0424715,,,,0.03005286678671837,0.26217225193977356,0.04562144726514816,probability_forecast_OT_96_96_LSTM-AQ_custom_ftMS_sl96_ll0_pl96_dm64_nh8_el1_dl1_dmavg_ma25_df2048_fc1_ebtimeF_dtTrue_deExp_2024-06-02 02-43-08,2021,probability_forecast,1,OT_96_96,custom,MS,OT,t,3,MinMaxScaler,0,0.9,True,96,0,96,Monthly,False,0.25,0.25,2,4,5,6,862,862,862,64,8,1,1,2048,25,avg,1,True,0,timeF,gelu,False,0,moving_avg,1,0,1,,48,12,50,11,256,3,0.001,Exp,auto,type1,False,True,0,False,"0,1,2,3","[128, 128]",2,False,0,False,False,False,False,False,False,False,False,False,False,False,False,False,False,False,,64,2,20,99,2024-06-02 02-43-08
LSTM-AQ,traffic/traffic.csv,AA_attn_dhz_ap1_norm,0.004292817,0.042322386,,,,0.02871975302696228,0.2617149353027344,0.04953639954328537,probability_forecast_OT_96_96_LSTM-AQ_custom_ftMS_sl96_ll0_pl96_dm64_nh8_el1_dl1_dmavg_ma25_df2048_fc1_ebtimeF_dtTrue_deExp_2024-06-02 02-55-16,2021,probability_forecast,1,OT_96_96,custom,MS,OT,t,3,MinMaxScaler,0,0.9,True,96,0,96,Monthly,False,0.25,0.25,2,4,5,6,862,862,862,64,8,1,1,2048,25,avg,1,True,0,timeF,gelu,False,0,moving_avg,1,0,1,,48,12,50,14,256,3,0.001,Exp,auto,type1,False,True,0,False,"0,1,2,3","[128, 128]",2,False,0,False,False,False,False,False,False,False,False,False,False,False,False,False,False,False,,64,3,20,99,2024-06-02 02-55-16
LSTM-AQ,exchange_rate/exchange_rate.csv,AA_attn_dhz_ap1_norm_label1,0.076213606,0.23569205,,,,0.1557489037513733,0.2912336587905884,0.5051613450050354,probability_forecast_OT_96_96_LSTM-AQ_custom_ftMS_sl96_ll0_pl96_dm24_nh1_el1_dl1_dmavg_ma25_df2048_fc1_ebtimeF_dtTrue_deExp_2024-06-14 04-53-50,2021,probability_forecast,1,OT_96_96,custom,MS,OT,t,3,MinMaxScaler,0,0.9,True,96,0,96,Monthly,False,0.25,0.25,2,4,5,6,8,8,8,24,1,1,1,2048,25,avg,1,True,0,timeF,gelu,False,0,moving_avg,1,0,1,,48,12,50,8,256,3,0.001,Exp,auto,type1,False,True,0,False,"0,1,2,3","[128, 128]",2,False,0,False,False,False,False,False,False,False,False,False,False,False,False,False,False,False,,40,1,20,99,2024-06-14 04-53-50
LSTM-AQ,exchange_rate/exchange_rate.csv,AA_attn_dhz_ap1_norm_label1,nan,nan,,,,nan,0.5,nan,probability_forecast_OT_96_96_LSTM-AQ_custom_ftMS_sl96_ll0_pl96_dm40_nh1_el1_dl1_dmavg_ma25_df2048_fc1_ebtimeF_dtTrue_deExp_2024-06-14 05-00-05,2021,probability_forecast,1,OT_96_96,custom,MS,OT,t,3,MinMaxScaler,0,0.9,True,96,0,96,Monthly,False,0.25,0.25,2,4,5,6,8,8,8,40,1,1,1,2048,25,avg,1,True,0,timeF,gelu,False,0,moving_avg,1,0,1,,48,12,50,1,256,3,0.001,Exp,auto,type1,False,True,0,False,"0,1,2,3","[128, 128]",2,False,0,False,False,False,False,False,False,False,False,False,False,False,False,False,False,False,,40,1,20,99,2024-06-14 05-00-05
LSTM-AQ,exchange_rate/exchange_rate.csv,AA_attn_dhz_ap1_norm_label1,nan,nan,,,,nan,0.5,nan,probability_forecast_OT_96_96_LSTM-AQ_custom_ftMS_sl96_ll0_pl96_dm64_nh1_el1_dl1_dmavg_ma25_df2048_fc1_ebtimeF_dtTrue_deExp_2024-06-14 05-04-00,2021,probability_forecast,1,OT_96_96,custom,MS,OT,t,3,MinMaxScaler,0,0.9,True,96,0,96,Monthly,False,0.25,0.25,2,4,5,6,8,8,8,64,1,1,1,2048,25,avg,1,True,0,timeF,gelu,False,0,moving_avg,1,0,1,,48,12,50,1,256,3,0.001,Exp,auto,type1,False,True,0,False,"0,1,2,3","[128, 128]",2,False,0,False,False,False,False,False,False,False,False,False,False,False,False,False,False,False,,40,1,20,99,2024-06-14 05-04-00
LSTM-AQ,exchange_rate/exchange_rate.csv,AA_attn_dhz_ap1_norm_label1,0.19431789,0.40680745,,,,0.2879195511341095,0.4164524972438812,0.7291172742843628,probability_forecast_OT_96_96_LSTM-AQ_custom_ftMS_sl96_ll0_pl96_dm24_nh2_el1_dl1_dmavg_ma25_df2048_fc1_ebtimeF_dtTrue_deExp_2024-06-14 05-07-59,2021,probability_forecast,1,OT_96_96,custom,MS,OT,t,3,MinMaxScaler,0,0.9,True,96,0,96,Monthly,False,0.25,0.25,2,4,5,6,8,8,8,24,2,1,1,2048,25,avg,1,True,0,timeF,gelu,False,0,moving_avg,1,0,1,,48,12,50,3,256,3,0.001,Exp,auto,type1,False,True,0,False,"0,1,2,3","[128, 128]",2,False,0,False,False,False,False,False,False,False,False,False,False,False,False,False,False,False,,40,1,20,99,2024-06-14 05-07-59
LSTM-AQ,exchange_rate/exchange_rate.csv,AA_attn_dhz_ap1_norm_label1,0.041278843,0.17308792,,,,0.11083754152059555,0.30116158723831177,0.22096936404705048,probability_forecast_OT_96_96_LSTM-AQ_custom_ftMS_sl96_ll0_pl96_dm40_nh2_el1_dl1_dmavg_ma25_df2048_fc1_ebtimeF_dtTrue_deExp_2024-06-14 05-12-27,2021,probability_forecast,1,OT_96_96,custom,MS,OT,t,3,MinMaxScaler,0,0.9,True,96,0,96,Monthly,False,0.25,0.25,2,4,5,6,8,8,8,40,2,1,1,2048,25,avg,1,True,0,timeF,gelu,False,0,moving_avg,1,0,1,,48,12,50,26,256,3,0.001,Exp,auto,type1,False,True,0,False,"0,1,2,3","[128, 128]",2,False,0,False,False,False,False,False,False,False,False,False,False,False,False,False,False,False,,40,1,20,99,2024-06-14 05-12-27
LSTM-AQ,exchange_rate/exchange_rate.csv,AA_attn_dhz_ap1_norm_label1,0.013176385,0.1077766,,,,0.039223164319992065,0.34344205260276794,0.2238338440656662,probability_forecast_OT_96_96_LSTM-AQ_custom_ftMS_sl96_ll0_pl96_dm64_nh2_el1_dl1_dmavg_ma25_df2048_fc1_ebtimeF_dtTrue_deExp_2024-06-14 05-24-29,2021,probability_forecast,1,OT_96_96,custom,MS,OT,t,3,MinMaxScaler,0,0.9,True,96,0,96,Monthly,False,0.25,0.25,2,4,5,6,8,8,8,64,2,1,1,2048,25,avg,1,True,0,timeF,gelu,False,0,moving_avg,1,0,1,,48,12,50,33,256,3,0.001,Exp,auto,type1,False,True,0,False,"0,1,2,3","[128, 128]",2,False,0,False,False,False,False,False,False,False,False,False,False,False,False,False,False,False,,40,1,20,99,2024-06-14 05-24-29
LSTM-AQ,exchange_rate/exchange_rate.csv,AA_attn_dhz_ap1_norm_label1,0.10962419,0.2921849,,,,0.19495776295661926,0.35279348492622375,0.5935331583023071,probability_forecast_OT_96_96_LSTM-AQ_custom_ftMS_sl96_ll0_pl96_dm24_nh4_el1_dl1_dmavg_ma25_df2048_fc1_ebtimeF_dtTrue_deExp_2024-06-14 05-38-50,2021,probability_forecast,1,OT_96_96,custom,MS,OT,t,3,MinMaxScaler,0,0.9,True,96,0,96,Monthly,False,0.25,0.25,2,4,5,6,8,8,8,24,4,1,1,2048,25,avg,1,True,0,timeF,gelu,False,0,moving_avg,1,0,1,,48,12,50,7,256,3,0.001,Exp,auto,type1,False,True,0,False,"0,1,2,3","[128, 128]",2,False,0,False,False,False,False,False,False,False,False,False,False,False,False,False,False,False,,40,1,20,99,2024-06-14 05-38-50
LSTM-AQ,exchange_rate/exchange_rate.csv,AA_attn_dhz_ap1_norm_label1,0.12744807,0.32236868,,,,0.21580886840820312,0.39054834842681885,0.6381871700286865,probability_forecast_OT_96_96_LSTM-AQ_custom_ftMS_sl96_ll0_pl96_dm40_nh4_el1_dl1_dmavg_ma25_df2048_fc1_ebtimeF_dtTrue_deExp_2024-06-14 05-44-49,2021,probability_forecast,1,OT_96_96,custom,MS,OT,t,3,MinMaxScaler,0,0.9,True,96,0,96,Monthly,False,0.25,0.25,2,4,5,6,8,8,8,40,4,1,1,2048,25,avg,1,True,0,timeF,gelu,False,0,moving_avg,1,0,1,,48,12,50,6,256,3,0.001,Exp,auto,type1,False,True,0,False,"0,1,2,3","[128, 128]",2,False,0,False,False,False,False,False,False,False,False,False,False,False,False,False,False,False,,40,1,20,99,2024-06-14 05-44-49
LSTM-AQ,exchange_rate/exchange_rate.csv,AA_attn_dhz_ap1_norm_label1,0.034990508,0.16978367,,,,0.08049342036247253,0.346450537443161,0.3545162081718445,probability_forecast_OT_96_96_LSTM-AQ_custom_ftMS_sl96_ll0_pl96_dm64_nh4_el1_dl1_dmavg_ma25_df2048_fc1_ebtimeF_dtTrue_deExp_2024-06-14 05-50-30,2021,probability_forecast,1,OT_96_96,custom,MS,OT,t,3,MinMaxScaler,0,0.9,True,96,0,96,Monthly,False,0.25,0.25,2,4,5,6,8,8,8,64,4,1,1,2048,25,avg,1,True,0,timeF,gelu,False,0,moving_avg,1,0,1,,48,12,50,14,256,3,0.001,Exp,auto,type1,False,True,0,False,"0,1,2,3","[128, 128]",2,False,0,False,False,False,False,False,False,False,False,False,False,False,False,False,False,False,,40,1,20,99,2024-06-14 05-50-30
LSTM-AQ,exchange_rate/exchange_rate.csv,AA_attn_dhz_ap1_norm_label1,nan,nan,,,,nan,0.5,nan,probability_forecast_OT_96_96_LSTM-AQ_custom_ftMS_sl96_ll0_pl96_dm24_nh8_el1_dl1_dmavg_ma25_df2048_fc1_ebtimeF_dtTrue_deExp_2024-06-14 05-58-50,2021,probability_forecast,1,OT_96_96,custom,MS,OT,t,3,MinMaxScaler,0,0.9,True,96,0,96,Monthly,False,0.25,0.25,2,4,5,6,8,8,8,24,8,1,1,2048,25,avg,1,True,0,timeF,gelu,False,0,moving_avg,1,0,1,,48,12,50,1,256,3,0.001,Exp,auto,type1,False,True,0,False,"0,1,2,3","[128, 128]",2,False,0,False,False,False,False,False,False,False,False,False,False,False,False,False,False,False,,40,1,20,99,2024-06-14 05-58-50
LSTM-AQ,exchange_rate/exchange_rate.csv,AA_attn_dhz_ap1_norm_label1,0.085836485,0.25879866,,,,0.1759515255689621,0.3657021224498749,0.3796193599700928,probability_forecast_OT_96_96_LSTM-AQ_custom_ftMS_sl96_ll0_pl96_dm40_nh8_el1_dl1_dmavg_ma25_df2048_fc1_ebtimeF_dtTrue_deExp_2024-06-14 06-02-47,2021,probability_forecast,1,OT_96_96,custom,MS,OT,t,3,MinMaxScaler,0,0.9,True,96,0,96,Monthly,False,0.25,0.25,2,4,5,6,8,8,8,40,8,1,1,2048,25,avg,1,True,0,timeF,gelu,False,0,moving_avg,1,0,1,,48,12,50,11,256,3,0.001,Exp,auto,type1,False,True,0,False,"0,1,2,3","[128, 128]",2,False,0,False,False,False,False,False,False,False,False,False,False,False,False,False,False,False,,40,1,20,99,2024-06-14 06-02-47
LSTM-AQ,exchange_rate/exchange_rate.csv,AA_attn_dhz_ap1_norm_label1,0.17221564,0.3770714,,,,0.2574586868286133,0.383201003074646,0.8276926279067993,probability_forecast_OT_96_96_LSTM-AQ_custom_ftMS_sl96_ll0_pl96_dm64_nh8_el1_dl1_dmavg_ma25_df2048_fc1_ebtimeF_dtTrue_deExp_2024-06-14 06-10-06,2021,probability_forecast,1,OT_96_96,custom,MS,OT,t,3,MinMaxScaler,0,0.9,True,96,0,96,Monthly,False,0.25,0.25,2,4,5,6,8,8,8,64,8,1,1,2048,25,avg,1,True,0,timeF,gelu,False,0,moving_avg,1,0,1,,48,12,50,2,256,3,0.001,Exp,auto,type1,False,True,0,False,"0,1,2,3","[128, 128]",2,False,0,False,False,False,False,False,False,False,False,False,False,False,False,False,False,False,,40,1,20,99,2024-06-14 06-10-06
